,Gender,Age,HeadCircumference,ShoulderWidth,ChestWidth ,Belly ,Waist ,Hips ,ArmLength ,ShoulderToWaist ,WaistToKnee ,LegLength,TotalHeight
0,1.0,30,558.8,457.2,508.0,457.2,355.59999999999997,558.8,558.8,635.0,635.0,558.8,1320.8
1,1.0,28,482.59999999999997,558.8,431.79999999999995,457.2,533.4,635.0,711.1999999999999,584.1999999999999,635.0,508.0,1422.3999999999999
2,2.0,27,533.4,457.2,406.4,355.59999999999997,254.0,381.0,533.4,457.2,355.59999999999997,457.2,1346.1999999999998
3,1.0,29,508.0,508.0,457.2,279.4,482.59999999999997,355.59999999999997,609.5999999999999,533.4,508.0,533.4,1143.0
4,2.0,28,406.4,355.59999999999997,457.2,330.2,279.4,762.0,635.0,558.8,812.8,330.2,1193.8
5,2.0,22,431.79999999999995,482.59999999999997,457.2,355.59999999999997,406.4,457.2,508.0,609.5999999999999,533.4,482.59999999999997,1524.0
6,2.0,18,635.0,431.79999999999995,406.4,431.79999999999995,304.79999999999995,711.1999999999999,584.1999999999999,635.0,355.59999999999997,457.2,1244.6
7,2.0,26,457.2,381.0,482.59999999999997,431.79999999999995,584.1999999999999,685.8,482.59999999999997,482.59999999999997,482.59999999999997,482.59999999999997,1473.1999999999998
8,1.0,23,406.4,406.4,508.0,457.2,558.8,457.2,381.0,660.4,508.0,482.59999999999997,1016.0
9,1.0,31,381.0,508.0,711.1999999999999,457.2,2311.4,431.79999999999995,406.4,533.4,533.4,482.59999999999997,1397.0
10,1.0,29,406.4,711.1999999999999,431.79999999999995,381.0,533.4,762.0,431.79999999999995,635.0,457.2,431.79999999999995,1270.0
11,1.0,35,584.1999999999999,533.4,457.2,304.79999999999995,457.2,685.8,457.2,431.79999999999995,482.59999999999997,508.0,1244.6
12,2.0,29,533.4,482.59999999999997,431.79999999999995,431.79999999999995,508.0,533.4,508.0,508.0,457.2,558.8,1498.6
13,1.0,30,482.59999999999997,431.79999999999995,457.2,457.2,609.5999999999999,711.1999999999999,584.1999999999999,558.8,431.79999999999995,609.5999999999999,1193.8
14,2.0,20,609.5999999999999,533.4,431.79999999999995,406.4,457.2,482.59999999999997,482.59999999999997,685.8,431.79999999999995,482.59999999999997,1295.3999999999999
15,2.0,27,482.59999999999997,381.0,508.0,279.4,508.0,457.2,482.59999999999997,711.1999999999999,431.79999999999995,457.2,1447.8
16,2.0,24,406.4,508.0,406.4,228.6,635.0,558.8,482.59999999999997,482.59999999999997,635.0,381.0,1524.0
17,1.0,30,533.4,457.2,533.4,304.79999999999995,482.59999999999997,533.4,381.0,508.0,533.4,508.0,1498.6
18,1.0,35,508.0,406.4,711.1999999999999,457.2,431.79999999999995,584.1999999999999,406.4,685.8,584.1999999999999,228.6,1219.1999999999998
19,1.0,29,457.2,381.0,457.2,381.0,457.2,609.5999999999999,508.0,635.0,431.79999999999995,330.2,1066.8
20,1.0,35,635.0,457.2,457.2,381.0,482.59999999999997,482.59999999999997,584.1999999999999,482.59999999999997,457.2,533.4,1244.6
21,2.0,29,2032.0,482.59999999999997,406.4,431.79999999999995,508.0,508.0,609.5999999999999,558.8,482.59999999999997,508.0,1117.6
22,2.0,27,533.4,533.4,406.4,457.2,558.8,762.0,381.0,508.0,635.0,228.6,1143.0
23,1.0,26,406.4,558.8,431.79999999999995,355.59999999999997,609.5999999999999,482.59999999999997,558.8,457.2,533.4,330.2,1371.6
24,2.0,24,381.0,482.59999999999997,431.79999999999995,381.0,406.4,508.0,457.2,660.4,533.4,533.4,1447.8
25,1.0,20,406.4,406.4,457.2,431.79999999999995,381.0,533.4,482.59999999999997,482.59999999999997,533.4,508.0,1524.0
26,1.0,30,508.0,431.79999999999995,431.79999999999995,482.59999999999997,457.2,584.1999999999999,381.0,431.79999999999995,533.4,457.2,1447.8
27,1.0,35,431.79999999999995,457.2,457.2,254.0,431.79999999999995,609.5999999999999,508.0,711.1999999999999,508.0,533.4,1473.1999999999998
28,1.0,31,482.59999999999997,381.0,508.0,355.59999999999997,558.8,533.4,635.0,685.8,584.1999999999999,482.59999999999997,1143.0
29,1.0,20,711.1999999999999,355.59999999999997,508.0,457.2,482.59999999999997,762.0,609.5999999999999,635.0,508.0,508.0,1295.3999999999999
30,1.0,24,736.5999999999999,508.0,457.2,431.79999999999995,457.2,889.0,508.0,508.0,406.4,762.0,787.4
31,2.0,27,431.79999999999995,558.8,406.4,304.79999999999995,457.2,762.0,431.79999999999995,685.8,279.4,787.4,762.0
32,1.0,29,482.59999999999997,508.0,508.0,355.59999999999997,457.2,533.4,508.0,711.1999999999999,304.79999999999995,533.4,838.1999999999999
33,1.0,27,609.5999999999999,482.59999999999997,406.4,381.0,482.59999999999997,533.4,431.79999999999995,609.5999999999999,304.79999999999995,711.1999999999999,1524.0
34,2.0,18,381.0,533.4,406.4,381.0,508.0,533.4,457.2,431.79999999999995,304.79999999999995,990.5999999999999,1143.0
35,2.0,19,355.59999999999997,558.8,457.2,431.79999999999995,330.2,508.0,482.59999999999997,457.2,330.2,685.8,1193.8
36,2.0,20,482.59999999999997,482.59999999999997,457.2,457.2,279.4,584.1999999999999,508.0,482.59999999999997,355.59999999999997,711.1999999999999,1219.1999999999998
37,2.0,24,431.79999999999995,533.4,482.59999999999997,457.2,279.4,609.5999999999999,482.59999999999997,508.0,457.2,558.8,1016.0
38,1.0,22,457.2,406.4,406.4,482.59999999999997,304.79999999999995,711.1999999999999,482.59999999999997,533.4,457.2,533.4,1219.1999999999998
39,1.0,24,508.0,431.79999999999995,431.79999999999995,482.59999999999997,330.2,508.0,482.59999999999997,406.4,431.79999999999995,508.0,1219.1999999999998
40,2.0,25,558.8,431.79999999999995,431.79999999999995,304.79999999999995,330.2,711.1999999999999,457.2,482.59999999999997,431.79999999999995,685.8,1524.0
41,1.0,21,584.1999999999999,431.79999999999995,431.79999999999995,304.79999999999995,457.2,508.0,508.0,457.2,457.2,431.79999999999995,1397.0
42,1.0,25,558.8,431.79999999999995,558.8,254.0,457.2,533.4,584.1999999999999,431.79999999999995,406.4,457.2,1295.3999999999999
43,1.0,22,508.0,457.2,558.8,279.4,355.59999999999997,584.1999999999999,558.8,431.79999999999995,457.2,482.59999999999997,1320.8
44,2.0,21,482.59999999999997,508.0,508.0,279.4,355.59999999999997,482.59999999999997,508.0,431.79999999999995,457.2,762.0,1346.1999999999998
45,2.0,19,482.59999999999997,508.0,533.4,330.2,355.59999999999997,457.2,533.4,457.2,431.79999999999995,508.0,1498.6
46,2.0,17,482.59999999999997,533.4,508.0,330.2,330.2,482.59999999999997,508.0,457.2,457.2,711.1999999999999,1270.0
47,1.0,18,685.8,406.4,406.4,355.59999999999997,381.0,457.2,482.59999999999997,482.59999999999997,508.0,685.8,1270.0
48,1.0,25,660.4,406.4,355.59999999999997,482.59999999999997,406.4,482.59999999999997,482.59999999999997,508.0,533.4,533.4,990.5999999999999
49,2.0,30,660.4,355.59999999999997,381.0,457.2,431.79999999999995,508.0,457.2,508.0,431.79999999999995,533.4,1447.8
50,2.0,29,482.59999999999997,482.59999999999997,254.0,406.4,508.0,482.59999999999997,533.4,431.79999999999995,457.2,558.8,1117.6
51,2.0,28,508.0,457.2,406.4,457.2,533.4,762.0,533.4,431.79999999999995,457.2,584.1999999999999,1193.8
52,1.0,30,558.8,381.0,406.4,406.4,533.4,482.59999999999997,457.2,457.2,431.79999999999995,584.1999999999999,1447.8
53,1.0,25,482.59999999999997,533.4,406.4,482.59999999999997,584.1999999999999,457.2,482.59999999999997,660.4,482.59999999999997,355.59999999999997,1473.1999999999998
54,1.0,30,457.2,508.0,431.79999999999995,355.59999999999997,508.0,431.79999999999995,482.59999999999997,685.8,406.4,457.2,1498.6
55,2.0,18,431.79999999999995,533.4,457.2,406.4,508.0,431.79999999999995,508.0,660.4,431.79999999999995,431.79999999999995,1295.3999999999999
56,2.0,19,431.79999999999995,457.2,508.0,482.59999999999997,381.0,431.79999999999995,508.0,431.79999999999995,355.59999999999997,482.59999999999997,1498.6
57,1.0,28,508.0,508.0,457.2,482.59999999999997,279.4,457.2,431.79999999999995,381.0,279.4,508.0,1320.8
58,2.0,17,533.4,482.59999999999997,355.59999999999997,330.2,381.0,406.4,431.79999999999995,533.4,558.8,965.1999999999999,1524.0
59,1.0,6,431.79999999999995,228.6,203.2,203.2,254.0,254.0,279.4,203.2,431.79999999999995,482.59999999999997,635.0
60,1.0,8,482.59999999999997,381.0,330.2,228.6,381.0,381.0,533.4,609.5999999999999,431.79999999999995,787.4,1270.0
61,1.0,24,533.4,431.79999999999995,279.4,203.2,508.0,228.6,635.0,533.4,457.2,939.8,1524.0
62,2.0,54,660.4,457.2,330.2,279.4,584.1999999999999,406.4,584.1999999999999,685.8,558.8,1168.3999999999999,1828.8
63,1.0,16,406.4,330.2,431.79999999999995,330.2,482.59999999999997,406.4,431.79999999999995,457.2,457.2,939.8,863.5999999999999
64,2.0,24,609.5999999999999,533.4,381.0,304.79999999999995,406.4,431.79999999999995,609.5999999999999,533.4,482.59999999999997,863.5999999999999,965.1999999999999
65,1.0,15,482.59999999999997,381.0,177.79999999999998,203.2,330.2,381.0,431.79999999999995,508.0,533.4,939.8,1295.3999999999999
66,1.0,4,457.2,330.2,381.0,304.79999999999995,381.0,381.0,406.4,482.59999999999997,330.2,660.4,1092.2
67,1.0,21,558.8,406.4,406.4,203.2,228.6,279.4,355.59999999999997,508.0,533.4,762.0,1270.0
68,1.0,38,508.0,431.79999999999995,533.4,355.59999999999997,330.2,406.4,558.8,685.8,533.4,1041.3999999999999,1193.8
69,1.0,49,584.1999999999999,406.4,355.59999999999997,279.4,355.59999999999997,355.59999999999997,508.0,558.8,584.1999999999999,838.1999999999999,1320.8
70,2.0,22,609.5999999999999,457.2,533.4,482.59999999999997,533.4,584.1999999999999,584.1999999999999,685.8,533.4,711.1999999999999,1498.6
71,1.0,3,381.0,177.79999999999998,177.79999999999998,152.39999999999998,177.79999999999998,254.0,254.0,279.4,203.2,431.79999999999995,584.1999999999999
72,1.0,12,482.59999999999997,406.4,381.0,330.2,508.0,406.4,609.5999999999999,990.5999999999999,533.4,1066.8,1574.8
73,2.0,18,558.8,457.2,457.2,381.0,431.79999999999995,508.0,533.4,660.4,558.8,482.59999999999997,965.1999999999999
74,1.0,37,635.0,482.59999999999997,431.79999999999995,558.8,431.79999999999995,558.8,482.59999999999997,685.8,508.0,685.8,1193.8
75,1.0,21,431.79999999999995,355.59999999999997,431.79999999999995,381.0,482.59999999999997,406.4,558.8,635.0,533.4,1041.3999999999999,1270.0
76,1.0,16,584.1999999999999,381.0,330.2,254.0,330.2,330.2,508.0,558.8,406.4,762.0,1422.3999999999999
77,1.0,19,508.0,457.2,279.4,228.6,508.0,355.59999999999997,533.4,228.6,482.59999999999997,1041.3999999999999,1397.0
78,2.0,32,406.4,177.79999999999998,203.2,203.2,177.79999999999998,203.2,254.0,609.5999999999999,203.2,457.2,609.5999999999999
79,2.0,3,533.4,482.59999999999997,254.0,254.0,558.8,254.0,584.1999999999999,609.5999999999999,482.59999999999997,939.8,1524.0
80,1.0,42,609.5999999999999,381.0,330.2,228.6,254.0,406.4,533.4,254.0,508.0,914.4,1549.3999999999999
81,1.0,2,381.0,177.79999999999998,279.4,203.2,177.79999999999998,381.0,177.79999999999998,558.8,177.79999999999998,406.4,609.5999999999999
82,1.0,50,508.0,457.2,177.79999999999998,203.2,254.0,584.1999999999999,482.59999999999997,508.0,609.5999999999999,863.5999999999999,965.1999999999999
83,1.0,37,533.4,482.59999999999997,304.79999999999995,406.4,457.2,355.59999999999997,660.4,584.1999999999999,660.4,736.5999999999999,939.8
84,1.0,20,609.5999999999999,330.2,457.2,533.4,533.4,609.5999999999999,635.0,482.59999999999997,482.59999999999997,1244.6,1905.0
85,2.0,7,431.79999999999995,279.4,381.0,304.79999999999995,330.2,406.4,381.0,558.8,330.2,660.4,1016.0
86,1.0,17,482.59999999999997,254.0,381.0,330.2,381.0,431.79999999999995,533.4,558.8,482.59999999999997,838.1999999999999,1193.8
87,1.0,24,508.0,457.2,304.79999999999995,279.4,558.8,330.2,558.8,635.0,508.0,1016.0,1447.8
88,1.0,3,406.4,203.2,177.79999999999998,177.79999999999998,203.2,228.6,228.6,254.0,228.6,457.2,584.1999999999999
89,1.0,34,508.0,457.2,254.0,228.6,533.4,254.0,609.5999999999999,558.8,482.59999999999997,965.1999999999999,1498.6
90,2.0,24,558.8,406.4,304.79999999999995,254.0,279.4,355.59999999999997,584.1999999999999,635.0,482.59999999999997,965.1999999999999,1524.0
91,1.0,21,457.2,355.59999999999997,228.6,228.6,254.0,279.4,508.0,584.1999999999999,381.0,762.0,1346.1999999999998
92,1.0,6,508.0,457.2,304.79999999999995,279.4,330.2,279.4,558.8,635.0,508.0,1016.0,1549.3999999999999
93,1.0,31,406.4,355.59999999999997,304.79999999999995,254.0,330.2,482.59999999999997,381.0,508.0,279.4,558.8,838.1999999999999
94,1.0,4,508.0,406.4,304.79999999999995,254.0,355.59999999999997,355.59999999999997,508.0,635.0,457.2,812.8,1295.3999999999999
95,1.0,7,660.4,482.59999999999997,355.59999999999997,304.79999999999995,584.1999999999999,406.4,609.5999999999999,711.1999999999999,584.1999999999999,1168.3999999999999,1854.1999999999998
96,1.0,54,508.0,431.79999999999995,355.59999999999997,330.2,355.59999999999997,381.0,558.8,660.4,533.4,1066.8,1574.8
97,1.0,19,508.0,406.4,203.2,228.6,355.59999999999997,406.4,457.2,533.4,558.8,965.1999999999999,1320.8
98,2.0,15,584.1999999999999,406.4,355.59999999999997,279.4,355.59999999999997,355.59999999999997,533.4,584.1999999999999,431.79999999999995,838.1999999999999,1422.3999999999999
99,1.0,24,558.8,431.79999999999995,304.79999999999995,330.2,558.8,304.79999999999995,584.1999999999999,685.8,508.0,1168.3999999999999,1574.8
100,1.0,32,508.0,431.79999999999995,457.2,228.6,406.4,203.2,584.1999999999999,330.2,508.0,762.0,1016.0
101,1.0,16,406.4,203.2,304.79999999999995,203.2,177.79999999999998,254.0,279.4,279.4,203.2,431.79999999999995,584.1999999999999
102,2.0,2,508.0,482.59999999999997,330.2,304.79999999999995,406.4,431.79999999999995,177.79999999999998,685.8,482.59999999999997,990.5999999999999,1092.2
103,1.0,28,558.8,482.59999999999997,508.0,457.2,508.0,584.1999999999999,609.5999999999999,685.8,482.59999999999997,990.5999999999999,965.1999999999999
104,1.0,22,508.0,330.2,254.0,203.2,254.0,304.79999999999995,584.1999999999999,482.59999999999997,508.0,863.5999999999999,1905.0
105,1.0,8,584.1999999999999,508.0,406.4,381.0,355.59999999999997,406.4,330.2,685.8,584.1999999999999,1143.0,1346.1999999999998
106,1.0,36,584.1999999999999,406.4,279.4,254.0,355.59999999999997,355.59999999999997,635.0,635.0,508.0,990.5999999999999,1346.1999999999998
107,2.0,21,584.1999999999999,406.4,533.4,355.59999999999997,508.0,431.79999999999995,558.8,558.8,533.4,762.0,1092.2
108,1.0,32,431.79999999999995,355.59999999999997,457.2,355.59999999999997,508.0,431.79999999999995,508.0,482.59999999999997,482.59999999999997,990.5999999999999,863.5999999999999
109,1.0,16,533.4,457.2,457.2,355.59999999999997,457.2,482.59999999999997,457.2,660.4,558.8,1016.0,1168.3999999999999
110,1.0,17,482.59999999999997,304.79999999999995,431.79999999999995,330.2,406.4,457.2,584.1999999999999,584.1999999999999,508.0,965.1999999999999,1066.8
111,1.0,18,584.1999999999999,508.0,355.59999999999997,330.2,431.79999999999995,406.4,508.0,711.1999999999999,508.0,1016.0,1219.1999999999998
112,1.0,24,558.8,431.79999999999995,558.8,330.2,558.8,482.59999999999997,584.1999999999999,508.0,508.0,685.8,1193.8
113,1.0,32,635.0,482.59999999999997,584.1999999999999,457.2,584.1999999999999,508.0,558.8,584.1999999999999,584.1999999999999,736.5999999999999,1422.3999999999999
114,1.0,42,609.5999999999999,457.2,533.4,508.0,558.8,609.5999999999999,660.4,711.1999999999999,457.2,965.1999999999999,1498.6
115,1.0,4,457.2,304.79999999999995,355.59999999999997,330.2,355.59999999999997,381.0,406.4,457.2,355.59999999999997,635.0,1066.8
116,2.0,19,482.59999999999997,457.2,381.0,5410.2,355.59999999999997,431.79999999999995,406.4,508.0,584.1999999999999,914.4,1524.0
117,1.0,20,457.2,482.59999999999997,406.4,304.79999999999995,381.0,406.4,381.0,457.2,635.0,965.1999999999999,1498.6
118,1.0,21,406.4,558.8,508.0,584.1999999999999,355.59999999999997,482.59999999999997,406.4,431.79999999999995,660.4,736.5999999999999,1574.8
119,1.0,17,431.79999999999995,431.79999999999995,533.4,381.0,330.2,279.4,355.59999999999997,457.2,685.8,863.5999999999999,1041.3999999999999
120,1.0,16,558.8,406.4,254.0,431.79999999999995,254.0,330.2,558.8,431.79999999999995,533.4,863.5999999999999,1447.8
121,2.0,24,533.4,355.59999999999997,228.6,254.0,431.79999999999995,508.0,406.4,457.2,508.0,939.8,1244.6
122,2.0,18,431.79999999999995,482.59999999999997,203.2,279.4,355.59999999999997,482.59999999999997,355.59999999999997,508.0,533.4,762.0,1600.1999999999998
123,1.0,37,482.59999999999997,508.0,330.2,457.2,457.2,457.2,406.4,533.4,482.59999999999997,584.1999999999999,1244.6
124,2.0,50,406.4,584.1999999999999,457.2,304.79999999999995,1270.0,355.59999999999997,558.8,304.79999999999995,457.2,736.5999999999999,1117.6
125,2.0,42,355.59999999999997,254.0,304.79999999999995,228.6,1244.6,431.79999999999995,508.0,635.0,431.79999999999995,330.2,1371.6
126,1.0,40,304.79999999999995,355.59999999999997,279.4,457.2,914.4,431.79999999999995,533.4,584.1999999999999,406.4,685.8,1625.6
127,1.0,35,381.0,482.59999999999997,406.4,254.0,660.4,406.4,482.59999999999997,609.5999999999999,558.8,711.1999999999999,1752.6
128,1.0,29,330.2,457.2,431.79999999999995,584.1999999999999,482.59999999999997,330.2,508.0,533.4,482.59999999999997,762.0,1701.8
129,1.0,55,457.2,431.79999999999995,381.0,609.5999999999999,1524.0,355.59999999999997,355.59999999999997,508.0,584.1999999999999,736.5999999999999,1447.8
130,2.0,25,558.8,355.59999999999997,279.4,355.59999999999997,254.0,482.59999999999997,381.0,482.59999999999997,533.4,787.4,1727.1999999999998
131,2.0,33,635.0,406.4,304.79999999999995,330.2,508.0,330.2,533.4,431.79999999999995,508.0,736.5999999999999,1752.6
132,1.0,39,406.4,381.0,355.59999999999997,355.59999999999997,533.4,482.59999999999997,381.0,431.79999999999995,558.8,609.5999999999999,1219.1999999999998
133,1.0,17,584.1999999999999,508.0,254.0,228.6,457.2,508.0,406.4,406.4,482.59999999999997,508.0,1473.1999999999998
134,1.0,22,381.0,482.59999999999997,279.4,406.4,482.59999999999997,533.4,304.79999999999995,457.2,457.2,533.4,1524.0
135,1.0,25,330.2,558.8,355.59999999999997,304.79999999999995,508.0,558.8,533.4,482.59999999999997,482.59999999999997,558.8,1447.8
136,1.0,32,279.4,279.4,482.59999999999997,355.59999999999997,533.4,533.4,381.0,533.4,558.8,762.0,1219.1999999999998
137,2.0,39,609.5999999999999,254.0,279.4,457.2,533.4,482.59999999999997,508.0,584.1999999999999,508.0,736.5999999999999,1244.6
138,1.0,49,406.4,254.0,406.4,508.0,254.0,355.59999999999997,406.4,533.4,533.4,635.0,1371.6
139,2.0,26,330.2,355.59999999999997,330.2,279.4,431.79999999999995,431.79999999999995,482.59999999999997,508.0,762.0,762.0,1193.8
140,2.0,44,254.0,406.4,254.0,482.59999999999997,787.4,406.4,508.0,482.59999999999997,508.0,736.5999999999999,1676.3999999999999
141,1.0,25,228.6,431.79999999999995,177.79999999999998,254.0,736.5999999999999,355.59999999999997,431.79999999999995,457.2,457.2,482.59999999999997,1244.6
142,1.0,15,355.59999999999997,457.2,228.6,228.6,304.79999999999995,381.0,482.59999999999997,508.0,533.4,508.0,1371.6
143,2.0,50,533.4,482.59999999999997,254.0,508.0,1320.8,914.4,1016.0,914.4,762.0,736.5999999999999,1193.8
144,2.0,42,533.4,304.79999999999995,279.4,482.59999999999997,1016.0,1117.6,1041.3999999999999,838.1999999999999,736.5999999999999,762.0,1016.0
145,1.0,20,558.8,457.2,431.79999999999995,381.0,355.59999999999997,381.0,609.5999999999999,558.8,533.4,533.4,1397.0
146,1.0,31,457.2,482.59999999999997,508.0,381.0,533.4,558.8,558.8,482.59999999999997,508.0,330.2,1320.8
147,1.0,19,431.79999999999995,355.59999999999997,406.4,228.6,228.6,355.59999999999997,584.1999999999999,635.0,330.2,508.0,812.8
148,2.0,24,482.59999999999997,508.0,533.4,254.0,254.0,762.0,457.2,381.0,482.59999999999997,228.6,889.0
149,2.0,27,584.1999999999999,406.4,431.79999999999995,304.79999999999995,279.4,457.2,381.0,533.4,508.0,381.0,1422.3999999999999
150,2.0,29,635.0,457.2,482.59999999999997,355.59999999999997,304.79999999999995,482.59999999999997,482.59999999999997,558.8,635.0,508.0,1270.0
151,2.0,30,508.0,508.0,457.2,406.4,406.4,508.0,635.0,584.1999999999999,381.0,457.2,1143.0
152,1.0,31,406.4,457.2,457.2,457.2,584.1999999999999,457.2,584.1999999999999,558.8,508.0,457.2,1143.0
153,2.0,28,406.4,482.59999999999997,406.4,304.79999999999995,609.5999999999999,431.79999999999995,609.5999999999999,609.5999999999999,355.59999999999997,482.59999999999997,1295.3999999999999
154,1.0,23,457.2,431.79999999999995,457.2,279.4,482.59999999999997,355.59999999999997,508.0,660.4,533.4,609.5999999999999,1219.1999999999998
155,2.0,29,381.0,508.0,482.59999999999997,406.4,533.4,457.2,482.59999999999997,508.0,558.8,558.8,1092.2
156,1.0,35,431.79999999999995,457.2,508.0,381.0,457.2,482.59999999999997,533.4,533.4,355.59999999999997,584.1999999999999,1320.8
157,1.0,18,635.0,457.2,533.4,431.79999999999995,508.0,508.0,584.1999999999999,635.0,584.1999999999999,660.4,990.5999999999999
158,1.0,20,584.1999999999999,558.8,508.0,304.79999999999995,533.4,533.4,609.5999999999999,558.8,558.8,685.8,1143.0
159,1.0,35,482.59999999999997,457.2,457.2,482.59999999999997,457.2,558.8,431.79999999999995,482.59999999999997,508.0,533.4,1219.1999999999998
160,1.0,32,457.2,406.4,508.0,406.4,508.0,457.2,558.8,508.0,482.59999999999997,482.59999999999997,787.4
161,1.0,31,508.0,533.4,457.2,431.79999999999995,533.4,482.59999999999997,457.2,457.2,457.2,482.59999999999997,1524.0
162,2.0,20,533.4,457.2,482.59999999999997,355.59999999999997,457.2,431.79999999999995,482.59999999999997,431.79999999999995,431.79999999999995,482.59999999999997,1270.0
163,2.0,19,609.5999999999999,533.4,508.0,254.0,457.2,508.0,508.0,355.59999999999997,609.5999999999999,406.4,1244.6
164,1.0,18,482.59999999999997,457.2,406.4,482.59999999999997,482.59999999999997,533.4,584.1999999999999,584.1999999999999,558.8,508.0,838.1999999999999
165,2.0,24,508.0,533.4,457.2,381.0,736.5999999999999,558.8,609.5999999999999,711.1999999999999,533.4,558.8,990.5999999999999
166,2.0,22,508.0,482.59999999999997,482.59999999999997,355.59999999999997,558.8,508.0,584.1999999999999,685.8,508.0,533.4,1193.8
167,1.0,21,609.5999999999999,508.0,457.2,330.2,355.59999999999997,457.2,533.4,482.59999999999997,508.0,508.0,1346.1999999999998
168,2.0,26,431.79999999999995,406.4,457.2,254.0,431.79999999999995,431.79999999999995,431.79999999999995,508.0,457.2,482.59999999999997,1041.3999999999999
169,1.0,18,457.2,381.0,431.79999999999995,279.4,406.4,381.0,508.0,533.4,406.4,533.4,1320.8
170,1.0,27,482.59999999999997,406.4,431.79999999999995,330.2,482.59999999999997,355.59999999999997,635.0,635.0,482.59999999999997,508.0,1219.1999999999998
171,1.0,29,533.4,508.0,457.2,304.79999999999995,508.0,508.0,482.59999999999997,508.0,508.0,482.59999999999997,1295.3999999999999
172,1.0,30,533.4,457.2,457.2,304.79999999999995,482.59999999999997,482.59999999999997,508.0,558.8,533.4,457.2,1016.0
173,1.0,20,508.0,533.4,508.0,431.79999999999995,508.0,457.2,609.5999999999999,482.59999999999997,558.8,533.4,1397.0
174,1.0,5,457.2,330.2,355.59999999999997,330.2,330.2,304.79999999999995,304.79999999999995,406.4,228.6,482.59999999999997,762.0
175,2.0,25,558.8,431.79999999999995,508.0,406.4,508.0,508.0,508.0,508.0,482.59999999999997,762.0,1270.0
176,2.0,3,482.59999999999997,254.0,355.59999999999997,381.0,203.2,177.79999999999998,177.79999999999998,304.79999999999995,152.39999999999998,406.4,508.0
177,2.0,7,533.4,355.59999999999997,381.0,533.4,355.59999999999997,304.79999999999995,304.79999999999995,406.4,279.4,635.0,762.0
178,1.0,50,609.5999999999999,533.4,482.59999999999997,330.2,685.8,762.0,508.0,533.4,482.59999999999997,762.0,1270.0
179,1.0,16,482.59999999999997,406.4,406.4,533.4,381.0,406.4,508.0,508.0,508.0,1016.0,1320.8
180,1.0,5,558.8,304.79999999999995,279.4,355.59999999999997,152.39999999999998,203.2,279.4,279.4,457.2,406.4,787.4
181,1.0,20,431.79999999999995,457.2,406.4,279.4,508.0,508.0,508.0,533.4,406.4,812.8,1320.8
182,1.0,4,533.4,254.0,304.79999999999995,406.4,203.2,177.79999999999998,1676.3999999999999,177.79999999999998,203.2,431.79999999999995,533.4
183,1.0,23,558.8,381.0,228.6,203.2,508.0,254.0,1676.3999999999999,508.0,381.0,787.4,1295.3999999999999
184,1.0,17,457.2,406.4,203.2,177.79999999999998,177.79999999999998,279.4,533.4,533.4,406.4,812.8,1320.8
185,1.0,13,406.4,406.4,177.79999999999998,228.6,254.0,355.59999999999997,558.8,508.0,431.79999999999995,787.4,1016.0
186,2.0,18,482.59999999999997,431.79999999999995,254.0,152.39999999999998,228.6,279.4,482.59999999999997,558.8,304.79999999999995,685.8,1168.3999999999999
187,2.0,2,533.4,152.39999999999998,152.39999999999998,177.79999999999998,279.4,177.79999999999998,406.4,177.79999999999998,203.2,431.79999999999995,533.4
188,2.0,3,584.1999999999999,279.4,203.2,127.0,228.6,177.79999999999998,177.79999999999998,279.4,177.79999999999998,431.79999999999995,762.0
189,2.0,7,533.4,330.2,254.0,152.39999999999998,177.79999999999998,304.79999999999995,203.2,533.4,254.0,635.0,914.4
190,2.0,14,558.8,406.4,177.79999999999998,228.6,228.6,254.0,508.0,508.0,254.0,762.0,1092.2
191,1.0,20,482.59999999999997,431.79999999999995,177.79999999999998,279.4,254.0,254.0,533.4,457.2,406.4,914.4,1168.3999999999999
192,1.0,31,609.5999999999999,431.79999999999995,254.0,228.6,279.4,254.0,558.8,457.2,508.0,1016.0,1168.3999999999999
193,1.0,12,533.4,406.4,228.6,152.39999999999998,279.4,254.0,431.79999999999995,584.1999999999999,431.79999999999995,812.8,1422.3999999999999
194,1.0,6,558.8,254.0,203.2,228.6,254.0,254.0,533.4,533.4,330.2,584.1999999999999,1041.3999999999999
195,1.0,3,457.2,482.59999999999997,254.0,254.0,152.39999999999998,304.79999999999995,533.4,508.0,304.79999999999995,762.0,889.0
196,1.0,27,635.0,508.0,279.4,279.4,254.0,355.59999999999997,508.0,533.4,482.59999999999997,863.5999999999999,1016.0
197,1.0,26,584.1999999999999,431.79999999999995,304.79999999999995,304.79999999999995,279.4,304.79999999999995,508.0,406.4,431.79999999999995,762.0,1320.8
198,1.0,36,533.4,381.0,330.2,279.4,177.79999999999998,330.2,533.4,431.79999999999995,508.0,1066.8,1066.8
199,1.0,31,533.4,406.4,279.4,254.0,152.39999999999998,279.4,558.8,508.0,482.59999999999997,990.5999999999999,1778.0
200,1.0,25,584.1999999999999,457.2,330.2,279.4,254.0,355.59999999999997,508.0,508.0,355.59999999999997,762.0,1422.3999999999999
201,1.0,4,482.59999999999997,330.2,406.4,381.0,355.59999999999997,381.0,355.59999999999997,482.59999999999997,254.0,533.4,812.8
202,1.0,27,533.4,457.2,533.4,482.59999999999997,533.4,558.8,609.5999999999999,558.8,508.0,1016.0,1447.8
203,1.0,2,457.2,228.6,254.0,228.6,228.6,254.0,228.6,381.0,228.6,457.2,584.1999999999999
204,1.0,9,508.0,381.0,381.0,406.4,381.0,406.4,406.4,482.59999999999997,330.2,660.4,889.0
205,1.0,60,584.1999999999999,558.8,508.0,584.1999999999999,762.0,863.5999999999999,609.5999999999999,635.0,508.0,1016.0,1397.0
206,2.0,18,609.5999999999999,431.79999999999995,457.2,381.0,406.4,457.2,558.8,558.8,533.4,1066.8,1447.8
207,2.0,4,457.2,355.59999999999997,304.79999999999995,254.0,228.6,254.0,304.79999999999995,304.79999999999995,228.6,457.2,812.8
208,1.0,22,685.8,431.79999999999995,508.0,457.2,533.4,558.8,584.1999999999999,558.8,482.59999999999997,990.5999999999999,1397.0
209,2.0,2,457.2,228.6,330.2,228.6,228.6,254.0,203.2,254.0,228.6,457.2,584.1999999999999
210,1.0,24,508.0,254.0,254.0,228.6,533.4,279.4,584.1999999999999,533.4,482.59999999999997,965.1999999999999,1346.1999999999998
211,1.0,19,533.4,431.79999999999995,228.6,254.0,228.6,304.79999999999995,609.5999999999999,558.8,508.0,1016.0,1422.3999999999999
212,1.0,15,482.59999999999997,431.79999999999995,203.2,203.2,279.4,381.0,508.0,508.0,508.0,1016.0,1270.0
213,2.0,19,533.4,457.2,279.4,228.6,254.0,330.2,508.0,584.1999999999999,381.0,762.0,1219.1999999999998
214,2.0,3,431.79999999999995,203.2,177.79999999999998,177.79999999999998,254.0,228.6,228.6,254.0,228.6,457.2,584.1999999999999
215,1.0,4,482.59999999999997,304.79999999999995,228.6,203.2,279.4,228.6,254.0,304.79999999999995,254.0,508.0,812.8
216,1.0,8,508.0,304.79999999999995,279.4,228.6,203.2,330.2,482.59999999999997,533.4,381.0,762.0,1016.0
217,1.0,16,558.8,431.79999999999995,228.6,228.6,254.0,304.79999999999995,533.4,584.1999999999999,457.2,812.8,1193.8
218,1.0,21,609.5999999999999,457.2,254.0,254.0,330.2,330.2,558.8,609.5999999999999,482.59999999999997,965.1999999999999,1270.0
219,1.0,32,584.1999999999999,457.2,279.4,304.79999999999995,304.79999999999995,304.79999999999995,609.5999999999999,660.4,533.4,1066.8,1524.0
220,1.0,14,508.0,431.79999999999995,254.0,254.0,279.4,304.79999999999995,533.4,609.5999999999999,482.59999999999997,965.1999999999999,1092.2
221,1.0,7,508.0,406.4,254.0,203.2,304.79999999999995,304.79999999999995,457.2,508.0,355.59999999999997,711.1999999999999,965.1999999999999
222,1.0,4,457.2,254.0,279.4,254.0,254.0,254.0,508.0,533.4,406.4,812.8,1041.3999999999999
223,1.0,29,558.8,457.2,304.79999999999995,279.4,304.79999999999995,381.0,584.1999999999999,660.4,533.4,1066.8,1371.6
224,1.0,28,508.0,457.2,355.59999999999997,304.79999999999995,254.0,406.4,584.1999999999999,635.0,508.0,1016.0,1168.3999999999999
225,1.0,35,558.8,482.59999999999997,381.0,355.59999999999997,355.59999999999997,381.0,609.5999999999999,660.4,558.8,1117.6,1828.8
226,1.0,30,558.8,457.2,304.79999999999995,330.2,381.0,381.0,584.1999999999999,635.0,533.4,1066.8,1625.6
227,2.0,24,609.5999999999999,431.79999999999995,381.0,304.79999999999995,330.2,381.0,558.8,609.5999999999999,406.4,812.8,1447.8
228,1.0,30,584.1999999999999,457.2,304.79999999999995,736.5999999999999,812.8,406.4,558.8,508.0,533.4,508.0,1625.6
229,2.0,3,457.2,279.4,254.0,558.8,939.8,584.1999999999999,330.2,254.0,254.0,431.79999999999995,558.8
230,1.0,20,558.8,457.2,406.4,762.0,939.8,711.1999999999999,635.0,482.59999999999997,558.8,1016.0,1168.3999999999999
231,1.0,34,584.1999999999999,508.0,431.79999999999995,863.5999999999999,1041.3999999999999,609.5999999999999,635.0,457.2,558.8,1016.0,1498.6
232,1.0,35,609.5999999999999,533.4,457.2,939.8,711.1999999999999,609.5999999999999,584.1999999999999,431.79999999999995,584.1999999999999,990.5999999999999,1447.8
233,1.0,12,508.0,355.59999999999997,304.79999999999995,685.8,838.1999999999999,685.8,457.2,355.59999999999997,355.59999999999997,736.5999999999999,1447.8
234,1.0,30,584.1999999999999,457.2,381.0,736.5999999999999,660.4,508.0,584.1999999999999,558.8,558.8,1041.3999999999999,1625.6
235,1.0,15,508.0,355.59999999999997,279.4,584.1999999999999,584.1999999999999,381.0,482.59999999999997,431.79999999999995,355.59999999999997,762.0,1270.0
236,1.0,18,482.59999999999997,457.2,381.0,711.1999999999999,863.5999999999999,711.1999999999999,635.0,609.5999999999999,584.1999999999999,990.5999999999999,2032.0
237,1.0,17,533.4,406.4,330.2,711.1999999999999,635.0,711.1999999999999,558.8,508.0,457.2,914.4,2006.6
238,1.0,10,533.4,355.59999999999997,228.6,635.0,1066.8,660.4,431.79999999999995,431.79999999999995,457.2,660.4,1803.3999999999999
239,1.0,25,685.8,508.0,431.79999999999995,939.8,1066.8,711.1999999999999,584.1999999999999,508.0,431.79999999999995,939.8,1524.0
240,1.0,32,635.0,482.59999999999997,406.4,939.8,914.4,203.2,584.1999999999999,584.1999999999999,508.0,965.1999999999999,609.5999999999999
241,1.0,34,558.8,482.59999999999997,431.79999999999995,812.8,965.1999999999999,609.5999999999999,609.5999999999999,635.0,482.59999999999997,914.4,1498.6
242,1.0,37,609.5999999999999,508.0,457.2,914.4,965.1999999999999,939.8,584.1999999999999,508.0,584.1999999999999,990.5999999999999,1727.1999999999998
243,2.0,1,279.4,152.39999999999998,406.4,330.2,330.2,355.59999999999997,228.6,228.6,228.6,330.2,533.4
244,1.0,1,304.79999999999995,127.0,431.79999999999995,304.79999999999995,330.2,381.0,228.6,228.6,177.79999999999998,330.2,508.0
245,2.0,3,279.4,152.39999999999998,381.0,330.2,304.79999999999995,355.59999999999997,228.6,254.0,203.2,330.2,558.8
246,1.0,4,330.2,127.0,457.2,355.59999999999997,355.59999999999997,431.79999999999995,254.0,228.6,203.2,355.59999999999997,584.1999999999999
247,1.0,3,457.2,203.2,508.0,508.0,558.8,508.0,203.2,304.79999999999995,203.2,381.0,609.5999999999999
248,2.0,2,279.4,2209.7999999999997,381.0,330.2,304.79999999999995,355.59999999999997,228.6,228.6,152.39999999999998,330.2,482.59999999999997
249,2.0,1,304.79999999999995,177.79999999999998,406.4,330.2,304.79999999999995,381.0,254.0,254.0,203.2,304.79999999999995,508.0
250,1.0,4,558.8,279.4,558.8,508.0,533.4,558.8,177.79999999999998,355.59999999999997,330.2,609.5999999999999,685.8
251,2.0,3,508.0,254.0,508.0,508.0,533.4,558.8,203.2,355.59999999999997,330.2,584.1999999999999,609.5999999999999
252,2.0,4,558.8,279.4,533.4,508.0,584.1999999999999,609.5999999999999,254.0,254.0,330.2,558.8,635.0
253,1.0,5,558.8,381.0,508.0,482.59999999999997,457.2,508.0,482.59999999999997,558.8,304.79999999999995,406.4,1143.0
254,2.0,6,508.0,355.59999999999997,482.59999999999997,431.79999999999995,406.4,457.2,457.2,508.0,304.79999999999995,660.4,1092.2
255,2.0,7,533.4,381.0,482.59999999999997,431.79999999999995,406.4,457.2,457.2,533.4,304.79999999999995,939.8,1143.0
256,1.0,8,508.0,330.2,660.4,584.1999999999999,660.4,685.8,254.0,482.59999999999997,482.59999999999997,787.4,1320.8
257,2.0,9,584.1999999999999,381.0,660.4,533.4,508.0,558.8,330.2,482.59999999999997,457.2,812.8,1397.0
258,1.0,10,609.5999999999999,406.4,685.8,609.5999999999999,584.1999999999999,609.5999999999999,431.79999999999995,482.59999999999997,508.0,838.1999999999999,1270.0
259,2.0,11,635.0,406.4,685.8,711.1999999999999,635.0,711.1999999999999,533.4,558.8,1143.0,1244.6,1498.6
260,2.0,12,660.4,355.59999999999997,711.1999999999999,609.5999999999999,635.0,685.8,558.8,584.1999999999999,660.4,1016.0,1524.0
261,1.0,13,711.1999999999999,482.59999999999997,685.8,584.1999999999999,609.5999999999999,685.8,533.4,584.1999999999999,660.4,1016.0,1574.8
262,2.0,19,736.5999999999999,482.59999999999997,787.4,711.1999999999999,711.1999999999999,711.1999999999999,762.0,660.4,762.0,1168.3999999999999,1727.1999999999998
263,1.0,20,660.4,431.79999999999995,711.1999999999999,533.4,660.4,711.1999999999999,685.8,660.4,736.5999999999999,1016.0,1701.8
264,1.0,21,711.1999999999999,457.2,711.1999999999999,584.1999999999999,635.0,685.8,533.4,685.8,736.5999999999999,1092.2,1752.6
265,2.0,22,508.0,711.1999999999999,482.59999999999997,711.1999999999999,558.8,660.4,711.1999999999999,685.8,660.4,1016.0,1727.1999999999998
266,2.0,23,508.0,457.2,711.1999999999999,584.1999999999999,635.0,660.4,635.0,711.1999999999999,711.1999999999999,1041.3999999999999,1752.6
267,1.0,24,711.1999999999999,457.2,711.1999999999999,584.1999999999999,609.5999999999999,660.4,711.1999999999999,685.8,685.8,1066.8,1828.8
268,2.0,25,660.4,508.0,939.8,711.1999999999999,660.4,685.8,711.1999999999999,711.1999999999999,685.8,1066.8,1879.6
269,1.0,26,660.4,508.0,965.1999999999999,685.8,711.1999999999999,685.8,685.8,660.4,635.0,1016.0,2159.0
270,1.0,27,711.1999999999999,508.0,787.4,762.0,812.8,965.1999999999999,762.0,711.1999999999999,685.8,1041.3999999999999,2184.4
271,2.0,20,736.5999999999999,508.0,812.8,711.1999999999999,812.8,812.8,711.1999999999999,736.5999999999999,736.5999999999999,1066.8,2260.6
272,1.0,1,279.4,152.39999999999998,381.0,330.2,304.79999999999995,355.59999999999997,228.6,228.6,152.39999999999998,330.2,482.59999999999997
273,2.0,1,279.4,127.0,406.4,330.2,330.2,381.0,228.6,228.6,152.39999999999998,330.2,508.0
274,1.0,4,508.0,228.6,558.8,533.4,533.4,508.0,177.79999999999998,355.59999999999997,330.2,558.8,965.1999999999999
275,2.0,4,558.8,279.4,584.1999999999999,558.8,609.5999999999999,609.5999999999999,203.2,431.79999999999995,381.0,660.4,1117.6
276,1.0,1,482.59999999999997,228.6,533.4,508.0,558.8,508.0,152.39999999999998,330.2,228.6,406.4,787.4
277,1.0,3,457.2,228.6,558.8,533.4,558.8,508.0,177.79999999999998,330.2,228.6,406.4,508.0
278,1.0,3,457.2,203.2,508.0,508.0,558.8,508.0,203.2,304.79999999999995,203.2,381.0,609.5999999999999
279,2.0,1,304.79999999999995,177.79999999999998,406.4,330.2,304.79999999999995,355.59999999999997,254.0,254.0,228.6,330.2,635.0
280,2.0,3,508.0,254.0,508.0,533.4,584.1999999999999,533.4,279.4,254.0,228.6,431.79999999999995,482.59999999999997
281,2.0,4,558.8,279.4,558.8,508.0,533.4,558.8,177.79999999999998,355.59999999999997,330.2,584.1999999999999,685.8
282,1.0,5,508.0,355.59999999999997,457.2,431.79999999999995,406.4,457.2,457.2,508.0,304.79999999999995,660.4,1092.2
283,2.0,6,558.8,381.0,482.59999999999997,457.2,482.59999999999997,381.0,508.0,508.0,330.2,711.1999999999999,1295.3999999999999
284,2.0,7,609.5999999999999,406.4,482.59999999999997,508.0,508.0,558.8,508.0,533.4,355.59999999999997,736.5999999999999,1422.3999999999999
285,1.0,8,609.5999999999999,381.0,508.0,558.8,533.4,508.0,533.4,558.8,406.4,762.0,1549.3999999999999
286,1.0,9,609.5999999999999,406.4,558.8,508.0,584.1999999999999,558.8,558.8,558.8,431.79999999999995,762.0,1549.3999999999999
287,2.0,10,558.8,330.2,660.4,584.1999999999999,685.8,660.4,508.0,406.4,482.59999999999997,787.4,1803.3999999999999
288,1.0,11,609.5999999999999,406.4,711.1999999999999,609.5999999999999,609.5999999999999,635.0,584.1999999999999,711.1999999999999,533.4,965.1999999999999,1828.8
289,2.0,12,635.0,381.0,431.79999999999995,635.0,609.5999999999999,660.4,558.8,660.4,508.0,939.8,1803.3999999999999
290,2.0,13,635.0,406.4,685.8,635.0,609.5999999999999,711.1999999999999,609.5999999999999,660.4,508.0,965.1999999999999,1854.1999999999998
291,1.0,15,660.4,431.79999999999995,711.1999999999999,609.5999999999999,609.5999999999999,635.0,584.1999999999999,635.0,533.4,990.5999999999999,1981.1999999999998
292,1.0,17,711.1999999999999,457.2,736.5999999999999,711.1999999999999,685.8,711.1999999999999,635.0,685.8,609.5999999999999,1016.0,2006.6
293,2.0,17,660.4,457.2,736.5999999999999,711.1999999999999,711.1999999999999,736.5999999999999,660.4,762.0,635.0,1016.0,2006.6
294,1.0,18,660.4,482.59999999999997,711.1999999999999,711.1999999999999,685.8,711.1999999999999,736.5999999999999,736.5999999999999,685.8,1041.3999999999999,2032.0
295,2.0,18,711.1999999999999,482.59999999999997,711.1999999999999,711.1999999999999,685.8,711.1999999999999,736.5999999999999,736.5999999999999,685.8,1041.3999999999999,2082.7999999999997
296,1.0,20,736.5999999999999,482.59999999999997,711.1999999999999,660.4,711.1999999999999,711.1999999999999,736.5999999999999,711.1999999999999,711.1999999999999,1016.0,2082.7999999999997
297,2.0,20,711.1999999999999,482.59999999999997,736.5999999999999,685.8,685.8,711.1999999999999,685.8,660.4,711.1999999999999,1041.3999999999999,2209.7999999999997
298,1.0,21,660.4,431.79999999999995,965.1999999999999,685.8,711.1999999999999,685.8,685.8,660.4,635.0,1016.0,2159.0
299,2.0,21,635.0,457.2,812.8,711.1999999999999,787.4,787.4,711.1999999999999,685.8,660.4,1041.3999999999999,2184.4
300,1.0,21,660.4,508.0,787.4,762.0,812.8,660.4,736.5999999999999,711.1999999999999,736.5999999999999,1066.8,2260.6
301,1.0,1,279.4,152.39999999999998,381.0,330.2,304.79999999999995,355.59999999999997,228.6,228.6,152.39999999999998,330.2,508.0
302,2.0,1,279.4,127.0,406.4,330.2,330.2,381.0,228.6,228.6,177.79999999999998,330.2,533.4
303,1.0,1,304.79999999999995,127.0,431.79999999999995,304.79999999999995,330.2,381.0,254.0,228.6,203.2,330.2,558.8
304,1.0,1,330.2,127.0,431.79999999999995,330.2,355.59999999999997,406.4,254.0,228.6,203.2,355.59999999999997,584.1999999999999
305,2.0,1,355.59999999999997,127.0,457.2,355.59999999999997,355.59999999999997,431.79999999999995,254.0,228.6,203.2,381.0,609.5999999999999
306,2.0,5,508.0,355.59999999999997,482.59999999999997,431.79999999999995,406.4,457.2,457.2,508.0,304.79999999999995,660.4,1092.2
307,1.0,5,533.4,381.0,508.0,457.2,406.4,457.2,457.2,533.4,304.79999999999995,685.8,1117.6
308,1.0,5,558.8,381.0,508.0,482.59999999999997,457.2,508.0,482.59999999999997,558.8,304.79999999999995,660.4,1143.0
309,1.0,10,558.8,304.79999999999995,635.0,558.8,660.4,609.5999999999999,177.79999999999998,381.0,101.6,812.8,1295.3999999999999
310,2.0,10,558.8,304.79999999999995,635.0,584.1999999999999,685.8,660.4,203.2,406.4,355.59999999999997,812.8,1320.8
311,2.0,10,508.0,330.2,660.4,584.1999999999999,660.4,685.8,254.0,482.59999999999997,482.59999999999997,787.4,1320.8
312,1.0,9,533.4,355.59999999999997,660.4,533.4,584.1999999999999,736.5999999999999,279.4,457.2,457.2,812.8,1346.1999999999998
313,1.0,11,584.1999999999999,381.0,660.4,533.4,508.0,558.8,330.2,482.59999999999997,482.59999999999997,812.8,1371.6
314,2.0,11,609.5999999999999,406.4,685.8,609.5999999999999,584.1999999999999,609.5999999999999,431.79999999999995,482.59999999999997,508.0,838.1999999999999,1397.0
315,1.0,11,609.5999999999999,406.4,711.1999999999999,685.8,660.4,711.1999999999999,482.59999999999997,508.0,533.4,863.5999999999999,1422.3999999999999
316,1.0,12,660.4,431.79999999999995,711.1999999999999,660.4,635.0,685.8,508.0,533.4,558.8,914.4,1447.8
317,1.0,12,660.4,406.4,685.8,711.1999999999999,635.0,711.1999999999999,533.4,558.8,609.5999999999999,711.1999999999999,1498.6
318,2.0,12,660.4,457.2,711.1999999999999,711.1999999999999,635.0,685.8,533.4,558.8,635.0,990.5999999999999,1498.6
319,1.0,13,711.1999999999999,457.2,685.8,558.8,635.0,685.8,533.4,584.1999999999999,660.4,1016.0,1574.8
320,1.0,14,660.4,457.2,711.1999999999999,584.1999999999999,635.0,685.8,533.4,584.1999999999999,660.4,1016.0,1600.1999999999998
321,2.0,19,660.4,457.2,762.0,635.0,660.4,736.5999999999999,711.1999999999999,660.4,711.1999999999999,1041.3999999999999,1651.0
322,1.0,17,685.8,457.2,762.0,660.4,660.4,736.5999999999999,736.5999999999999,660.4,711.1999999999999,1041.3999999999999,1422.3999999999999
323,1.0,19,711.1999999999999,660.4,787.4,711.1999999999999,711.1999999999999,736.5999999999999,762.0,660.4,736.5999999999999,1066.8,1727.1999999999998
324,2.0,18,736.5999999999999,482.59999999999997,812.8,711.1999999999999,685.8,736.5999999999999,787.4,660.4,762.0,1066.8,1701.8
325,1.0,19,736.5999999999999,508.0,787.4,660.4,660.4,736.5999999999999,762.0,685.8,762.0,1066.8,1752.6
326,1.0,19,711.1999999999999,457.2,711.1999999999999,584.1999999999999,635.0,685.8,533.4,660.4,736.5999999999999,1016.0,1727.1999999999998
327,2.0,20,660.4,431.79999999999995,711.1999999999999,533.4,660.4,711.1999999999999,685.8,660.4,736.5999999999999,1016.0,1752.6
328,1.0,20,711.1999999999999,457.2,711.1999999999999,558.8,635.0,660.4,635.0,685.8,711.1999999999999,533.4,1727.1999999999998
329,1.0,22,660.4,508.0,685.8,711.1999999999999,660.4,711.1999999999999,685.8,711.1999999999999,711.1999999999999,1066.8,1828.8
330,1.0,2,457.2,228.6,203.2,482.59999999999997,457.2,508.0,228.6,254.0,203.2,355.59999999999997,787.4
331,2.0,2,482.59999999999997,228.6,228.6,508.0,482.59999999999997,533.4,508.0,279.4,228.6,406.4,889.0
332,1.0,3,279.4,203.2,279.4,482.59999999999997,304.79999999999995,279.4,406.4,254.0,228.6,457.2,812.8
333,2.0,4,457.2,203.2,254.0,177.79999999999998,406.4,254.0,508.0,304.79999999999995,254.0,508.0,889.0
334,2.0,4,508.0,254.0,254.0,508.0,508.0,508.0,330.2,330.2,279.4,558.8,965.1999999999999
335,1.0,4,482.59999999999997,254.0,254.0,508.0,508.0,508.0,330.2,330.2,254.0,279.4,965.1999999999999
336,2.0,4,508.0,279.4,279.4,558.8,558.8,558.8,406.4,304.79999999999995,304.79999999999995,558.8,990.5999999999999
337,1.0,4,508.0,279.4,254.0,508.0,508.0,533.4,457.2,254.0,304.79999999999995,482.59999999999997,939.8
338,1.0,4,508.0,279.4,279.4,558.8,558.8,558.8,406.4,304.79999999999995,304.79999999999995,558.8,990.5999999999999
339,1.0,5,508.0,254.0,228.6,558.8,584.1999999999999,609.5999999999999,355.59999999999997,381.0,279.4,558.8,1066.8
340,1.0,6,533.4,228.6,228.6,508.0,508.0,508.0,355.59999999999997,279.4,228.6,431.79999999999995,939.8
341,2.0,6,533.4,254.0,152.39999999999998,482.59999999999997,508.0,482.59999999999997,304.79999999999995,482.59999999999997,228.6,431.79999999999995,965.1999999999999
342,2.0,6,508.0,228.6,254.0,558.8,533.4,508.0,304.79999999999995,457.2,304.79999999999995,457.2,990.5999999999999
343,1.0,8,457.2,457.2,228.6,482.59999999999997,304.79999999999995,228.6,355.59999999999997,279.4,330.2,533.4,1066.8
344,2.0,11,482.59999999999997,330.2,279.4,508.0,558.8,279.4,457.2,355.59999999999997,228.6,812.8,1270.0
345,1.0,12,533.4,279.4,228.6,508.0,558.8,254.0,431.79999999999995,482.59999999999997,482.59999999999997,812.8,1270.0
346,2.0,15,558.8,431.79999999999995,381.0,939.8,965.1999999999999,1066.8,482.59999999999997,558.8,457.2,889.0,1498.6
347,1.0,18,508.0,482.59999999999997,431.79999999999995,1117.6,1066.8,1168.3999999999999,711.1999999999999,482.59999999999997,660.4,939.8,1676.3999999999999
348,1.0,14,558.8,355.59999999999997,406.4,863.5999999999999,508.0,965.1999999999999,609.5999999999999,482.59999999999997,482.59999999999997,889.0,1625.6
349,2.0,20,533.4,457.2,482.59999999999997,863.5999999999999,939.8,990.5999999999999,558.8,431.79999999999995,381.0,838.1999999999999,1498.6
350,1.0,29,584.1999999999999,533.4,482.59999999999997,1066.8,965.1999999999999,1117.6,711.1999999999999,558.8,457.2,939.8,1676.3999999999999
351,1.0,37,558.8,431.79999999999995,355.59999999999997,838.1999999999999,838.1999999999999,939.8,635.0,609.5999999999999,584.1999999999999,1041.3999999999999,1727.1999999999998
352,2.0,49,609.5999999999999,482.59999999999997,431.79999999999995,1168.3999999999999,1219.1999999999998,1600.1999999999998,508.0,609.5999999999999,381.0,863.5999999999999,1524.0
353,2.0,52,558.8,406.4,431.79999999999995,1041.3999999999999,355.59999999999997,1143.0,482.59999999999997,406.4,431.79999999999995,838.1999999999999,1524.0
354,2.0,23,558.8,457.2,406.4,1143.0,1193.8,1574.8,482.59999999999997,533.4,431.79999999999995,838.1999999999999,1574.8
355,1.0,40,558.8,457.2,355.59999999999997,1143.0,1143.0,1168.3999999999999,635.0,685.8,558.8,990.5999999999999,1778.0
356,1.0,51,584.1999999999999,482.59999999999997,381.0,939.8,914.4,990.5999999999999,609.5999999999999,558.8,508.0,914.4,1651.0
357,1.0,65,558.8,457.2,406.4,914.4,990.5999999999999,1041.3999999999999,609.5999999999999,787.4,635.0,990.5999999999999,1727.1999999999998
358,1.0,62,609.5999999999999,533.4,508.0,1193.8,1143.0,1117.6,584.1999999999999,762.0,584.1999999999999,965.1999999999999,1701.8
359,1.0,65,558.8,457.2,406.4,914.4,990.5999999999999,1041.3999999999999,609.5999999999999,787.4,635.0,990.5999999999999,1727.1999999999998
360,1.0,46,558.8,533.4,457.2,1143.0,1092.2,1143.0,558.8,812.8,584.1999999999999,914.4,1625.6
361,1.0,65,584.1999999999999,431.79999999999995,406.4,1016.0,990.5999999999999,1016.0,635.0,762.0,609.5999999999999,939.8,1625.6
362,1.0,44,635.0,482.59999999999997,431.79999999999995,1066.8,1117.6,1117.6,609.5999999999999,660.4,685.8,1016.0,1752.6
363,1.0,40,558.8,457.2,355.59999999999997,1143.0,1143.0,1168.3999999999999,635.0,685.8,558.8,990.5999999999999,1778.0
364,1.0,68,533.4,457.2,431.79999999999995,914.4,939.8,939.8,584.1999999999999,584.1999999999999,482.59999999999997,914.4,1625.6
365,1.0,44,584.1999999999999,482.59999999999997,431.79999999999995,1092.2,1117.6,1143.0,609.5999999999999,787.4,609.5999999999999,914.4,1701.8
366,1.0,37,558.8,431.79999999999995,381.0,838.1999999999999,838.1999999999999,939.8,635.0,609.5999999999999,584.1999999999999,1041.3999999999999,1727.1999999999998
367,1.0,51,584.1999999999999,482.59999999999997,381.0,939.8,914.4,990.5999999999999,609.5999999999999,558.8,508.0,914.4,1651.0
368,1.0,39,558.8,431.79999999999995,406.4,889.0,914.4,939.8,635.0,558.8,584.1999999999999,914.4,1701.8
369,1.0,51,558.8,457.2,482.59999999999997,812.8,889.0,990.5999999999999,558.8,685.8,609.5999999999999,965.1999999999999,1727.1999999999998
370,1.0,29,584.1999999999999,533.4,431.79999999999995,1066.8,965.1999999999999,1117.6,711.1999999999999,558.8,457.2,939.8,1676.3999999999999
371,1.0,18,508.0,482.59999999999997,406.4,1117.6,1066.8,1168.3999999999999,711.1999999999999,482.59999999999997,508.0,965.1999999999999,1625.6
372,2.0,18,533.4,381.0,381.0,889.0,965.1999999999999,1016.0,558.8,457.2,482.59999999999997,863.5999999999999,1524.0
373,2.0,16,558.8,457.2,508.0,787.4,812.8,812.8,533.4,457.2,482.59999999999997,889.0,1549.3999999999999
374,2.0,18,584.1999999999999,482.59999999999997,584.1999999999999,812.8,939.8,1016.0,584.1999999999999,482.59999999999997,558.8,939.8,1498.6
375,2.0,24,584.1999999999999,406.4,431.79999999999995,1016.0,1041.3999999999999,1143.0,533.4,558.8,533.4,939.8,1651.0
376,2.0,52,558.8,406.4,228.6,1041.3999999999999,1041.3999999999999,1143.0,482.59999999999997,406.4,431.79999999999995,838.1999999999999,1524.0
377,2.0,1,482.59999999999997,228.6,406.4,508.0,457.2,533.4,482.59999999999997,279.4,228.6,406.4,889.0
378,1.0,14,558.8,457.2,431.79999999999995,939.8,508.0,965.1999999999999,609.5999999999999,431.79999999999995,482.59999999999997,889.0,1625.6
379,2.0,49,609.5999999999999,482.59999999999997,381.0,1168.3999999999999,1219.1999999999998,1600.1999999999998,508.0,558.8,381.0,863.5999999999999,1524.0
380,2.0,15,558.8,431.79999999999995,254.0,939.8,965.1999999999999,1066.8,482.59999999999997,533.4,457.2,889.0,1498.6
381,1.0,8,533.4,279.4,228.6,584.1999999999999,609.5999999999999,660.4,406.4,431.79999999999995,304.79999999999995,660.4,1244.6
382,1.0,5,508.0,254.0,203.2,558.8,584.1999999999999,609.5999999999999,355.59999999999997,381.0,279.4,558.8,1066.8
383,1.0,1,457.2,228.6,406.4,482.59999999999997,457.2,508.0,228.6,254.0,177.79999999999998,330.2,787.4
384,2.0,28,558.8,457.2,406.4,1143.0,1193.8,1574.8,482.59999999999997,533.4,431.79999999999995,838.1999999999999,1574.8
385,2.0,21,558.8,457.2,482.59999999999997,1092.2,1143.0,1498.6,482.59999999999997,508.0,406.4,838.1999999999999,1524.0
386,2.0,20,533.4,457.2,482.59999999999997,863.5999999999999,939.8,990.5999999999999,558.8,431.79999999999995,381.0,838.1999999999999,1498.6
387,1.0,10,508.0,355.59999999999997,304.79999999999995,609.5999999999999,635.0,304.79999999999995,482.59999999999997,355.59999999999997,355.59999999999997,762.0,1320.8
388,1.0,7,482.59999999999997,279.4,228.6,330.2,558.8,228.6,381.0,330.2,330.2,508.0,1143.0
389,1.0,7,508.0,304.79999999999995,254.0,558.8,558.8,279.4,406.4,355.59999999999997,304.79999999999995,660.4,1193.8
390,1.0,6,533.4,228.6,228.6,508.0,508.0,254.0,355.59999999999997,279.4,228.6,431.79999999999995,939.8
391,1.0,7,508.0,304.79999999999995,228.6,279.4,584.1999999999999,228.6,355.59999999999997,431.79999999999995,584.1999999999999,508.0,1041.3999999999999
392,1.0,12,533.4,279.4,228.6,254.0,558.8,254.0,431.79999999999995,482.59999999999997,736.5999999999999,558.8,1270.0
393,1.0,10,533.4,304.79999999999995,228.6,254.0,558.8,304.79999999999995,381.0,457.2,609.5999999999999,635.0,1117.6
394,1.0,7,533.4,279.4,203.2,279.4,558.8,279.4,330.2,279.4,228.6,533.4,1168.3999999999999
395,1.0,6,508.0,304.79999999999995,228.6,254.0,584.1999999999999,254.0,304.79999999999995,431.79999999999995,304.79999999999995,558.8,1143.0
396,1.0,7,533.4,330.2,279.4,254.0,533.4,254.0,330.2,431.79999999999995,304.79999999999995,558.8,1143.0
397,1.0,9,508.0,279.4,254.0,584.1999999999999,609.5999999999999,279.4,457.2,330.2,330.2,711.1999999999999,1270.0
398,1.0,6,508.0,228.6,228.6,508.0,508.0,254.0,355.59999999999997,279.4,228.6,431.79999999999995,939.8
399,1.0,6,508.0,254.0,228.6,508.0,508.0,254.0,355.59999999999997,279.4,228.6,431.79999999999995,914.4
400,1.0,6,533.4,254.0,152.39999999999998,508.0,533.4,254.0,330.2,304.79999999999995,228.6,457.2,939.8
401,2.0,6,533.4,228.6,254.0,482.59999999999997,508.0,228.6,304.79999999999995,482.59999999999997,228.6,431.79999999999995,965.1999999999999
402,2.0,6,508.0,228.6,254.0,558.8,533.4,254.0,304.79999999999995,457.2,304.79999999999995,457.2,990.5999999999999
403,2.0,6,482.59999999999997,101.6,228.6,508.0,508.0,279.4,330.2,304.79999999999995,228.6,482.59999999999997,939.8
404,2.0,6,508.0,127.0,254.0,508.0,508.0,254.0,355.59999999999997,279.4,228.6,431.79999999999995,914.4
405,2.0,6,508.0,355.59999999999997,304.79999999999995,533.4,558.8,279.4,330.2,304.79999999999995,228.6,406.4,939.8
406,2.0,9,508.0,330.2,330.2,609.5999999999999,635.0,304.79999999999995,482.59999999999997,355.59999999999997,355.59999999999997,762.0,1270.0
407,2.0,7,533.4,228.6,228.6,508.0,558.8,304.79999999999995,508.0,330.2,228.6,787.4,1295.3999999999999
408,2.0,6,508.0,228.6,228.6,508.0,508.0,254.0,355.59999999999997,279.4,228.6,431.79999999999995,939.8
409,2.0,9,508.0,279.4,330.2,533.4,508.0,228.6,330.2,304.79999999999995,228.6,457.2,939.8
410,2.0,10,558.8,355.59999999999997,304.79999999999995,609.5999999999999,609.5999999999999,330.2,457.2,355.59999999999997,355.59999999999997,889.0,1270.0
411,2.0,12,482.59999999999997,355.59999999999997,279.4,584.1999999999999,533.4,279.4,482.59999999999997,330.2,355.59999999999997,787.4,1295.3999999999999
412,2.0,11,482.59999999999997,330.2,304.79999999999995,508.0,558.8,279.4,457.2,355.59999999999997,228.6,812.8,1270.0
413,2.0,10,508.0,330.2,279.4,533.4,508.0,254.0,482.59999999999997,330.2,228.6,889.0,1397.0
414,2.0,6,482.59999999999997,355.59999999999997,279.4,508.0,558.8,254.0,482.59999999999997,457.2,228.6,762.0,914.4
415,1.0,10,482.59999999999997,482.59999999999997,279.4,533.4,330.2,254.0,381.0,304.79999999999995,355.59999999999997,558.8,1092.2
416,1.0,11,482.59999999999997,482.59999999999997,254.0,279.4,304.79999999999995,304.79999999999995,431.79999999999995,482.59999999999997,381.0,635.0,1092.2
417,1.0,13,508.0,508.0,330.2,558.8,304.79999999999995,279.4,482.59999999999997,558.8,457.2,736.5999999999999,1193.8
418,1.0,12,508.0,482.59999999999997,330.2,533.4,304.79999999999995,279.4,482.59999999999997,533.4,457.2,736.5999999999999,1168.3999999999999
419,1.0,14,533.4,508.0,381.0,558.8,330.2,330.2,533.4,584.1999999999999,482.59999999999997,762.0,1219.1999999999998
420,1.0,14,533.4,482.59999999999997,355.59999999999997,533.4,304.79999999999995,279.4,508.0,533.4,457.2,787.4,1244.6
421,1.0,15,558.8,482.59999999999997,330.2,508.0,279.4,254.0,482.59999999999997,508.0,431.79999999999995,431.79999999999995,1168.3999999999999
422,1.0,10,482.59999999999997,482.59999999999997,279.4,533.4,330.2,279.4,406.4,304.79999999999995,355.59999999999997,558.8,1092.2
423,2.0,10,482.59999999999997,457.2,304.79999999999995,558.8,304.79999999999995,304.79999999999995,381.0,304.79999999999995,355.59999999999997,533.4,1092.2
424,1.0,8,457.2,457.2,228.6,482.59999999999997,304.79999999999995,228.6,355.59999999999997,279.4,330.2,533.4,1066.8
425,1.0,9,482.59999999999997,482.59999999999997,254.0,508.0,330.2,254.0,381.0,304.79999999999995,355.59999999999997,558.8,1092.2
426,2.0,6,558.8,228.6,254.0,457.2,533.4,558.8,355.59999999999997,279.4,584.1999999999999,609.5999999999999,990.5999999999999
427,1.0,10,508.0,355.59999999999997,279.4,609.5999999999999,635.0,685.8,508.0,457.2,406.4,711.1999999999999,711.1999999999999
428,1.0,8,482.59999999999997,330.2,279.4,533.4,558.8,609.5999999999999,431.79999999999995,381.0,482.59999999999997,533.4,1092.2
429,2.0,7,508.0,330.2,254.0,508.0,635.0,609.5999999999999,406.4,584.1999999999999,457.2,533.4,1041.3999999999999
430,2.0,8,508.0,330.2,254.0,558.8,584.1999999999999,609.5999999999999,457.2,482.59999999999997,431.79999999999995,635.0,1117.6
431,2.0,8,482.59999999999997,330.2,228.6,736.5999999999999,584.1999999999999,635.0,457.2,406.4,431.79999999999995,609.5999999999999,1117.6
432,1.0,9,508.0,330.2,279.4,609.5999999999999,609.5999999999999,635.0,457.2,381.0,431.79999999999995,660.4,1193.8
433,1.0,8,533.4,330.2,279.4,584.1999999999999,660.4,635.0,457.2,406.4,431.79999999999995,660.4,1168.3999999999999
434,1.0,8,457.2,279.4,228.6,508.0,304.79999999999995,609.5999999999999,431.79999999999995,381.0,406.4,584.1999999999999,1117.6
435,2.0,10,508.0,355.59999999999997,254.0,660.4,660.4,711.1999999999999,457.2,406.4,406.4,711.1999999999999,1219.1999999999998
436,2.0,8,558.8,304.79999999999995,228.6,508.0,584.1999999999999,584.1999999999999,457.2,330.2,431.79999999999995,584.1999999999999,1117.6
437,2.0,10,609.5999999999999,330.2,254.0,635.0,685.8,660.4,508.0,406.4,381.0,660.4,1193.8
438,2.0,8,533.4,279.4,254.0,558.8,584.1999999999999,660.4,431.79999999999995,381.0,381.0,685.8,1219.1999999999998
439,2.0,13,558.8,355.59999999999997,355.59999999999997,609.5999999999999,685.8,711.1999999999999,584.1999999999999,558.8,482.59999999999997,838.1999999999999,1371.6
440,2.0,11,508.0,330.2,279.4,558.8,584.1999999999999,584.1999999999999,685.8,584.1999999999999,406.4,431.79999999999995,1320.8
441,2.0,13,558.8,355.59999999999997,355.59999999999997,609.5999999999999,685.8,711.1999999999999,584.1999999999999,558.8,482.59999999999997,812.8,1371.6
442,2.0,11,533.4,330.2,304.79999999999995,584.1999999999999,635.0,660.4,431.79999999999995,431.79999999999995,482.59999999999997,736.5999999999999,1295.3999999999999
443,1.0,4,482.59999999999997,254.0,254.0,508.0,508.0,508.0,330.2,330.2,254.0,558.8,965.1999999999999
444,1.0,11,533.4,355.59999999999997,304.79999999999995,558.8,609.5999999999999,635.0,457.2,431.79999999999995,711.1999999999999,711.1999999999999,1143.0
445,2.0,12,533.4,381.0,304.79999999999995,609.5999999999999,660.4,711.1999999999999,457.2,431.79999999999995,381.0,711.1999999999999,1117.6
446,2.0,4,508.0,254.0,254.0,508.0,508.0,508.0,330.2,330.2,254.0,558.8,965.1999999999999
447,1.0,11,508.0,330.2,279.4,558.8,584.1999999999999,584.1999999999999,685.8,558.8,406.4,431.79999999999995,1320.8
448,2.0,8,508.0,355.59999999999997,304.79999999999995,609.5999999999999,660.4,279.4,431.79999999999995,406.4,406.4,660.4,1219.1999999999998
449,1.0,15,558.8,355.59999999999997,355.59999999999997,685.8,711.1999999999999,584.1999999999999,558.8,482.59999999999997,584.1999999999999,330.2,1371.6
450,1.0,8,558.8,228.6,254.0,457.2,533.4,558.8,355.59999999999997,279.4,584.1999999999999,609.5999999999999,990.5999999999999
451,2.0,10,609.5999999999999,330.2,254.0,635.0,685.8,660.4,508.0,406.4,381.0,660.4,1193.8
452,2.0,10,508.0,355.59999999999997,279.4,533.4,584.1999999999999,279.4,431.79999999999995,482.59999999999997,381.0,635.0,1168.3999999999999
453,2.0,7,508.0,330.2,254.0,508.0,635.0,609.5999999999999,406.4,584.1999999999999,457.2,533.4,1117.6
454,1.0,11,508.0,304.79999999999995,330.2,609.5999999999999,635.0,685.8,609.5999999999999,406.4,457.2,787.4,1092.2
455,2.0,9,508.0,254.0,330.2,558.8,254.0,304.79999999999995,584.1999999999999,381.0,330.2,660.4,1143.0
456,1.0,6,482.59999999999997,228.6,279.4,508.0,279.4,330.2,457.2,304.79999999999995,304.79999999999995,558.8,1041.3999999999999
457,1.0,6,533.4,254.0,304.79999999999995,558.8,228.6,304.79999999999995,482.59999999999997,330.2,304.79999999999995,584.1999999999999,1092.2
458,1.0,7,406.4,254.0,279.4,508.0,254.0,355.59999999999997,508.0,279.4,330.2,635.0,1092.2
459,2.0,7,482.59999999999997,254.0,330.2,533.4,279.4,279.4,406.4,330.2,330.2,584.1999999999999,1092.2
460,1.0,9,508.0,254.0,304.79999999999995,482.59999999999997,228.6,279.4,482.59999999999997,330.2,330.2,635.0,1143.0
461,2.0,8,508.0,254.0,330.2,482.59999999999997,254.0,355.59999999999997,482.59999999999997,279.4,304.79999999999995,635.0,1066.8
462,1.0,10,508.0,304.79999999999995,431.79999999999995,584.1999999999999,279.4,355.59999999999997,584.1999999999999,355.59999999999997,381.0,736.5999999999999,1295.3999999999999
463,1.0,9,533.4,254.0,304.79999999999995,533.4,304.79999999999995,330.2,533.4,330.2,355.59999999999997,660.4,1168.3999999999999
464,2.0,9,508.0,279.4,304.79999999999995,508.0,254.0,355.59999999999997,533.4,279.4,355.59999999999997,711.1999999999999,1219.1999999999998
465,1.0,12,508.0,304.79999999999995,304.79999999999995,533.4,304.79999999999995,330.2,609.5999999999999,330.2,381.0,711.1999999999999,1244.6
466,1.0,9,508.0,254.0,330.2,533.4,304.79999999999995,330.2,508.0,304.79999999999995,330.2,609.5999999999999,1117.6
467,1.0,7,533.4,279.4,330.2,558.8,304.79999999999995,279.4,533.4,304.79999999999995,304.79999999999995,609.5999999999999,1117.6
468,1.0,8,508.0,254.0,304.79999999999995,482.59999999999997,254.0,279.4,457.2,330.2,304.79999999999995,609.5999999999999,1092.2
469,1.0,5,508.0,228.6,304.79999999999995,482.59999999999997,254.0,304.79999999999995,457.2,304.79999999999995,482.59999999999997,508.0,990.5999999999999
470,1.0,5,482.59999999999997,228.6,279.4,508.0,279.4,254.0,431.79999999999995,304.79999999999995,279.4,558.8,990.5999999999999
471,2.0,12,457.2,203.2,254.0,431.79999999999995,152.39999999999998,228.6,304.79999999999995,228.6,254.0,508.0,889.0
472,2.0,8,508.0,228.6,279.4,533.4,279.4,355.59999999999997,508.0,304.79999999999995,330.2,609.5999999999999,1117.6
473,1.0,10,508.0,304.79999999999995,431.79999999999995,584.1999999999999,279.4,431.79999999999995,584.1999999999999,355.59999999999997,381.0,736.5999999999999,1066.8
474,1.0,5,482.59999999999997,203.2,279.4,508.0,279.4,381.0,304.79999999999995,25.4,558.8,609.5999999999999,1143.0
475,2.0,10,508.0,279.4,381.0,533.4,304.79999999999995,330.2,558.8,330.2,381.0,711.1999999999999,1219.1999999999998
476,2.0,12,508.0,254.0,355.59999999999997,533.4,304.79999999999995,635.0,558.8,355.59999999999997,355.59999999999997,685.8,1193.8
477,2.0,13,508.0,279.4,406.4,533.4,355.59999999999997,355.59999999999997,558.8,355.59999999999997,381.0,762.0,1320.8
478,2.0,12,482.59999999999997,254.0,355.59999999999997,533.4,279.4,355.59999999999997,431.79999999999995,330.2,355.59999999999997,685.8,1168.3999999999999
479,2.0,9,533.4,279.4,304.79999999999995,533.4,304.79999999999995,279.4,558.8,330.2,355.59999999999997,660.4,1168.3999999999999
480,2.0,6,482.59999999999997,254.0,304.79999999999995,508.0,254.0,254.0,533.4,304.79999999999995,279.4,558.8,965.1999999999999
481,1.0,3,482.59999999999997,203.2,279.4,482.59999999999997,177.79999999999998,330.2,457.2,254.0,228.6,457.2,812.8
482,2.0,13,508.0,304.79999999999995,355.59999999999997,584.1999999999999,330.2,381.0,406.4,330.2,406.4,762.0,1295.3999999999999
483,2.0,13,508.0,355.59999999999997,381.0,609.5999999999999,304.79999999999995,381.0,635.0,330.2,431.79999999999995,787.4,1295.3999999999999
484,2.0,18,508.0,355.59999999999997,330.2,609.5999999999999,660.4,279.4,431.79999999999995,406.4,406.4,660.4,1219.1999999999998
485,1.0,11,508.0,355.59999999999997,330.2,584.1999999999999,584.1999999999999,330.2,431.79999999999995,482.59999999999997,431.79999999999995,660.4,838.1999999999999
486,1.0,9,508.0,330.2,279.4,533.4,558.8,279.4,431.79999999999995,406.4,381.0,635.0,1168.3999999999999
487,2.0,10,609.5999999999999,304.79999999999995,330.2,584.1999999999999,609.5999999999999,609.5999999999999,558.8,482.59999999999997,431.79999999999995,762.0,1244.6
488,2.0,10,508.0,355.59999999999997,279.4,533.4,584.1999999999999,279.4,431.79999999999995,558.8,381.0,635.0,1168.3999999999999
489,2.0,13,558.8,355.59999999999997,355.59999999999997,609.5999999999999,685.8,711.1999999999999,584.1999999999999,457.2,482.59999999999997,838.1999999999999,1371.6
490,1.0,10,609.5999999999999,304.79999999999995,330.2,584.1999999999999,609.5999999999999,609.5999999999999,558.8,584.1999999999999,431.79999999999995,762.0,1244.6
491,2.0,7,508.0,330.2,254.0,508.0,635.0,609.5999999999999,406.4,431.79999999999995,457.2,533.4,1117.6
492,2.0,11,533.4,330.2,304.79999999999995,584.1999999999999,635.0,660.4,431.79999999999995,406.4,482.59999999999997,736.5999999999999,1295.3999999999999
493,2.0,18,508.0,355.59999999999997,330.2,609.5999999999999,660.4,279.4,431.79999999999995,406.4,406.4,660.4,1219.1999999999998
494,2.0,9,330.2,330.2,279.4,533.4,558.8,279.4,431.79999999999995,330.2,381.0,635.0,1168.3999999999999
495,2.0,4,508.0,254.0,254.0,508.0,508.0,508.0,330.2,508.0,254.0,558.8,965.1999999999999
496,2.0,10,508.0,355.59999999999997,279.4,533.4,584.1999999999999,685.8,660.4,406.4,406.4,381.0,1219.1999999999998
497,1.0,11,508.0,330.2,558.8,584.1999999999999,584.1999999999999,685.8,584.1999999999999,482.59999999999997,381.0,558.8,965.1999999999999
498,2.0,10,508.0,355.59999999999997,279.4,533.4,635.0,279.4,431.79999999999995,431.79999999999995,381.0,635.0,1168.3999999999999
499,2.0,11,533.4,330.2,304.79999999999995,584.1999999999999,635.0,660.4,431.79999999999995,584.1999999999999,482.59999999999997,736.5999999999999,1295.3999999999999
500,2.0,7,508.0,330.2,254.0,508.0,457.2,609.5999999999999,406.4,355.59999999999997,457.2,533.4,1117.6
501,1.0,6,558.8,228.6,254.0,254.0,584.1999999999999,533.4,558.8,482.59999999999997,279.4,584.1999999999999,990.5999999999999
502,1.0,10,508.0,355.59999999999997,279.4,533.4,457.2,279.4,431.79999999999995,330.2,381.0,635.0,1168.3999999999999
503,1.0,8,482.59999999999997,482.59999999999997,254.0,508.0,609.5999999999999,508.0,330.2,406.4,406.4,558.8,965.1999999999999
504,2.0,10,609.5999999999999,304.79999999999995,330.2,584.1999999999999,685.8,558.8,457.2,558.8,431.79999999999995,508.0,1244.6
505,2.0,13,558.8,355.59999999999997,355.59999999999997,609.5999999999999,635.0,711.1999999999999,584.1999999999999,355.59999999999997,482.59999999999997,838.1999999999999,1371.6
506,1.0,8,508.0,279.4,254.0,533.4,533.4,635.0,431.79999999999995,482.59999999999997,406.4,736.5999999999999,660.4
507,1.0,8,533.4,304.79999999999995,279.4,533.4,558.8,609.5999999999999,431.79999999999995,406.4,457.2,660.4,1193.8
508,2.0,9,508.0,330.2,279.4,533.4,304.79999999999995,279.4,431.79999999999995,381.0,381.0,635.0,1168.3999999999999
509,1.0,8,457.2,279.4,279.4,508.0,685.8,609.5999999999999,431.79999999999995,558.8,406.4,584.1999999999999,1117.6
510,2.0,13,558.8,355.59999999999997,482.59999999999997,609.5999999999999,635.0,711.1999999999999,584.1999999999999,406.4,482.59999999999997,838.1999999999999,1371.6
511,1.0,11,508.0,304.79999999999995,355.59999999999997,609.5999999999999,584.1999999999999,685.8,609.5999999999999,406.4,457.2,787.4,1346.1999999999998
512,2.0,11,508.0,330.2,330.2,558.8,584.1999999999999,685.8,584.1999999999999,406.4,431.79999999999995,812.8,1320.8
513,2.0,8,457.2,355.59999999999997,279.4,508.0,584.1999999999999,584.1999999999999,330.2,533.4,635.0,584.1999999999999,1244.6
514,2.0,11,508.0,355.59999999999997,304.79999999999995,558.8,609.5999999999999,609.5999999999999,254.0,508.0,609.5999999999999,584.1999999999999,965.1999999999999
515,2.0,10,533.4,330.2,330.2,533.4,558.8,609.5999999999999,558.8,482.59999999999997,381.0,635.0,1168.3999999999999
516,2.0,8,533.4,482.59999999999997,304.79999999999995,533.4,533.4,584.1999999999999,330.2,533.4,635.0,584.1999999999999,1244.6
517,2.0,8,533.4,279.4,381.0,508.0,584.1999999999999,660.4,431.79999999999995,381.0,381.0,685.8,1219.1999999999998
518,2.0,4,482.59999999999997,254.0,254.0,508.0,508.0,508.0,330.2,330.2,254.0,558.8,965.1999999999999
519,2.0,9,508.0,330.2,279.4,609.5999999999999,609.5999999999999,635.0,457.2,381.0,431.79999999999995,660.4,1193.8
520,1.0,4,482.59999999999997,254.0,254.0,508.0,508.0,508.0,330.2,330.2,254.0,558.8,965.1999999999999
521,1.0,11,508.0,304.79999999999995,330.2,609.5999999999999,635.0,685.8,406.4,457.2,254.0,787.4,1346.1999999999998
522,1.0,2,508.0,330.2,254.0,508.0,635.0,609.5999999999999,406.4,584.1999999999999,457.2,533.4,1117.6
523,2.0,10,609.5999999999999,330.2,254.0,635.0,685.8,660.4,508.0,406.4,381.0,660.4,1193.8
524,1.0,11,533.4,330.2,304.79999999999995,584.1999999999999,508.0,635.0,330.2,482.59999999999997,635.0,584.1999999999999,965.1999999999999
525,1.0,13,508.0,482.59999999999997,381.0,558.8,508.0,660.4,457.2,381.0,254.0,635.0,1244.6
526,1.0,9,457.2,355.59999999999997,279.4,508.0,584.1999999999999,558.8,330.2,482.59999999999997,635.0,584.1999999999999,1168.3999999999999
527,2.0,10,508.0,279.4,381.0,508.0,584.1999999999999,685.8,558.8,482.59999999999997,381.0,685.8,1193.8
528,2.0,13,533.4,254.0,279.4,609.5999999999999,533.4,584.1999999999999,330.2,381.0,254.0,711.1999999999999,1371.6
529,2.0,12,533.4,381.0,304.79999999999995,685.8,558.8,609.5999999999999,355.59999999999997,406.4,279.4,685.8,1422.3999999999999
530,1.0,9,508.0,330.2,279.4,533.4,558.8,279.4,431.79999999999995,406.4,381.0,635.0,1168.3999999999999
531,1.0,11,482.59999999999997,254.0,279.4,609.5999999999999,635.0,508.0,431.79999999999995,457.2,254.0,558.8,965.1999999999999
532,2.0,9,508.0,330.2,279.4,508.0,584.1999999999999,304.79999999999995,457.2,431.79999999999995,381.0,660.4,965.1999999999999
533,1.0,8,508.0,304.79999999999995,254.0,609.5999999999999,609.5999999999999,279.4,330.2,330.2,279.4,558.8,1193.8
534,2.0,6,558.8,228.6,254.0,254.0,457.2,533.4,558.8,355.59999999999997,254.0,584.1999999999999,736.5999999999999
535,1.0,11,533.4,330.2,304.79999999999995,508.0,406.4,508.0,406.4,482.59999999999997,381.0,685.8,736.5999999999999
536,,9,508.0,330.2,279.4,533.4,609.5999999999999,279.4,558.8,355.59999999999997,381.0,635.0,1117.6
537,2.0,12,533.4,381.0,304.79999999999995,609.5999999999999,660.4,711.1999999999999,457.2,431.79999999999995,609.5999999999999,711.1999999999999,1193.8
538,2.0,11,533.4,330.2,330.2,533.4,558.8,381.0,533.4,635.0,635.0,685.8,1371.6
539,1.0,8,558.8,228.6,254.0,457.2,533.4,558.8,482.59999999999997,660.4,381.0,685.8,1117.6
540,2.0,7,508.0,330.2,254.0,508.0,635.0,609.5999999999999,406.4,584.1999999999999,406.4,533.4,1117.6
541,1.0,8,457.2,279.4,228.6,508.0,304.79999999999995,609.5999999999999,431.79999999999995,381.0,406.4,584.1999999999999,1117.6
542,1.0,6,533.4,152.39999999999998,482.59999999999997,482.59999999999997,584.1999999999999,584.1999999999999,508.0,355.59999999999997,431.79999999999995,508.0,939.8
543,1.0,5,533.4,127.0,228.6,457.2,533.4,533.4,482.59999999999997,304.79999999999995,330.2,584.1999999999999,1041.3999999999999
544,2.0,4,508.0,279.4,279.4,558.8,558.8,558.8,406.4,304.79999999999995,304.79999999999995,558.8,990.5999999999999
545,2.0,5,508.0,304.79999999999995,254.0,508.0,533.4,584.1999999999999,457.2,406.4,355.59999999999997,482.59999999999997,762.0
546,2.0,6,508.0,279.4,254.0,533.4,533.4,508.0,508.0,330.2,330.2,558.8,812.8
547,1.0,6,533.4,279.4,279.4,558.8,558.8,533.4,482.59999999999997,330.2,304.79999999999995,533.4,812.8
548,2.0,7,533.4,279.4,279.4,508.0,558.8,584.1999999999999,457.2,304.79999999999995,279.4,558.8,762.0
549,2.0,6,508.0,330.2,279.4,533.4,558.8,609.5999999999999,381.0,355.59999999999997,304.79999999999995,609.5999999999999,1117.6
550,1.0,4,508.0,279.4,254.0,508.0,508.0,533.4,457.2,254.0,304.79999999999995,482.59999999999997,939.8
551,2.0,12,533.4,355.59999999999997,355.59999999999997,660.4,736.5999999999999,787.4,431.79999999999995,787.4,431.79999999999995,838.1999999999999,1397.0
552,2.0,5,482.59999999999997,279.4,279.4,558.8,558.8,558.8,381.0,381.0,304.79999999999995,609.5999999999999,1117.6
553,2.0,13,584.1999999999999,355.59999999999997,304.79999999999995,609.5999999999999,508.0,787.4,533.4,431.79999999999995,457.2,863.5999999999999,1447.8
554,2.0,14,533.4,355.59999999999997,330.2,584.1999999999999,609.5999999999999,660.4,533.4,304.79999999999995,457.2,838.1999999999999,1447.8
555,1.0,11,533.4,330.2,279.4,533.4,609.5999999999999,635.0,482.59999999999997,254.0,355.59999999999997,1270.0,1320.8
556,2.0,12,533.4,304.79999999999995,279.4,609.5999999999999,508.0,711.1999999999999,508.0,254.0,406.4,330.2,1346.1999999999998
557,2.0,9,508.0,304.79999999999995,279.4,533.4,609.5999999999999,635.0,431.79999999999995,406.4,406.4,685.8,1219.1999999999998
558,2.0,5,533.4,254.0,254.0,533.4,558.8,609.5999999999999,304.79999999999995,279.4,304.79999999999995,584.1999999999999,812.8
559,2.0,12,609.5999999999999,355.59999999999997,279.4,584.1999999999999,635.0,711.1999999999999,558.8,457.2,381.0,863.5999999999999,1473.1999999999998
560,1.0,7,508.0,304.79999999999995,279.4,558.8,609.5999999999999,660.4,406.4,330.2,355.59999999999997,660.4,1168.3999999999999
561,1.0,6,508.0,304.79999999999995,279.4,558.8,609.5999999999999,609.5999999999999,406.4,381.0,355.59999999999997,685.8,1143.0
562,2.0,13,584.1999999999999,381.0,304.79999999999995,609.5999999999999,685.8,762.0,685.8,533.4,508.0,939.8,1498.6
563,2.0,11,508.0,304.79999999999995,279.4,584.1999999999999,609.5999999999999,660.4,431.79999999999995,381.0,355.59999999999997,736.5999999999999,1244.6
564,2.0,11,508.0,304.79999999999995,279.4,558.8,635.0,685.8,482.59999999999997,381.0,431.79999999999995,838.1999999999999,1295.3999999999999
565,1.0,4,508.0,279.4,279.4,558.8,558.8,558.8,406.4,304.79999999999995,304.79999999999995,558.8,990.5999999999999
566,2.0,11,533.4,330.2,355.59999999999997,584.1999999999999,558.8,279.4,304.79999999999995,533.4,431.79999999999995,558.8,990.5999999999999
567,2.0,13,584.1999999999999,304.79999999999995,279.4,558.8,533.4,660.4,508.0,406.4,431.79999999999995,330.2,1346.1999999999998
568,2.0,15,127.0,330.2,584.1999999999999,558.8,279.4,406.4,406.4,355.59999999999997,457.2,1270.0,1320.8
569,2.0,13,584.1999999999999,381.0,304.79999999999995,609.5999999999999,685.8,762.0,304.79999999999995,381.0,101.6,736.5999999999999,1244.6
570,2.0,11,508.0,304.79999999999995,279.4,558.8,635.0,736.5999999999999,482.59999999999997,457.2,304.79999999999995,609.5999999999999,1117.6
571,2.0,9,508.0,254.0,304.79999999999995,533.4,508.0,330.2,508.0,355.59999999999997,355.59999999999997,609.5999999999999,1143.0
572,2.0,8,406.4,279.4,330.2,508.0,533.4,355.59999999999997,482.59999999999997,304.79999999999995,355.59999999999997,609.5999999999999,1117.6
573,2.0,9,508.0,304.79999999999995,330.2,482.59999999999997,330.2,355.59999999999997,533.4,304.79999999999995,381.0,660.4,1168.3999999999999
574,2.0,9,508.0,279.4,330.2,558.8,304.79999999999995,355.59999999999997,558.8,330.2,355.59999999999997,660.4,1219.1999999999998
575,2.0,8,482.59999999999997,254.0,304.79999999999995,508.0,304.79999999999995,304.79999999999995,508.0,330.2,330.2,609.5999999999999,1143.0
576,1.0,4,482.59999999999997,254.0,304.79999999999995,533.4,279.4,279.4,431.79999999999995,279.4,279.4,533.4,965.1999999999999
577,1.0,4,508.0,228.6,279.4,482.59999999999997,254.0,254.0,457.2,330.2,254.0,457.2,965.1999999999999
578,1.0,4,508.0,228.6,330.2,482.59999999999997,254.0,279.4,482.59999999999997,279.4,279.4,533.4,939.8
579,2.0,3,482.59999999999997,228.6,254.0,457.2,254.0,279.4,406.4,254.0,279.4,508.0,914.4
580,2.0,3,508.0,254.0,254.0,457.2,228.6,279.4,406.4,279.4,254.0,457.2,965.1999999999999
581,2.0,3,482.59999999999997,254.0,279.4,482.59999999999997,228.6,279.4,431.79999999999995,279.4,279.4,508.0,965.1999999999999
582,2.0,3,482.59999999999997,254.0,304.79999999999995,508.0,254.0,279.4,431.79999999999995,279.4,279.4,533.4,990.5999999999999
583,1.0,3,508.0,203.2,279.4,508.0,228.6,254.0,381.0,254.0,254.0,431.79999999999995,914.4
584,2.0,4,508.0,228.6,254.0,482.59999999999997,254.0,254.0,431.79999999999995,304.79999999999995,304.79999999999995,558.8,965.1999999999999
585,2.0,4,508.0,228.6,304.79999999999995,482.59999999999997,228.6,279.4,431.79999999999995,304.79999999999995,279.4,533.4,939.8
586,2.0,13,533.4,279.4,355.59999999999997,584.1999999999999,330.2,381.0,609.5999999999999,381.0,482.59999999999997,736.5999999999999,1371.6
587,2.0,14,533.4,355.59999999999997,381.0,635.0,304.79999999999995,406.4,685.8,355.59999999999997,406.4,762.0,1346.1999999999998
588,2.0,16,558.8,330.2,381.0,609.5999999999999,304.79999999999995,355.59999999999997,685.8,406.4,482.59999999999997,863.5999999999999,1371.6
589,2.0,15,508.0,330.2,381.0,609.5999999999999,330.2,330.2,609.5999999999999,381.0,406.4,609.5999999999999,1371.6
590,1.0,17,533.4,330.2,406.4,685.8,355.59999999999997,431.79999999999995,660.4,381.0,482.59999999999997,863.5999999999999,1397.0
591,2.0,10,558.8,279.4,355.59999999999997,533.4,254.0,279.4,558.8,330.2,355.59999999999997,685.8,1117.6
592,2.0,15,533.4,330.2,355.59999999999997,609.5999999999999,330.2,355.59999999999997,635.0,355.59999999999997,406.4,812.8,1346.1999999999998
593,2.0,17,533.4,330.2,355.59999999999997,609.5999999999999,330.2,355.59999999999997,635.0,355.59999999999997,431.79999999999995,838.1999999999999,1346.1999999999998
594,2.0,16,533.4,330.2,381.0,660.4,330.2,406.4,635.0,406.4,406.4,762.0,1320.8
595,2.0,18,508.0,330.2,457.2,635.0,381.0,431.79999999999995,736.5999999999999,533.4,533.4,965.1999999999999,1473.1999999999998
596,2.0,19,482.59999999999997,330.2,533.4,736.5999999999999,406.4,457.2,736.5999999999999,482.59999999999997,482.59999999999997,889.0,1473.1999999999998
597,1.0,6,508.0,279.4,304.79999999999995,508.0,228.6,330.2,533.4,330.2,279.4,584.1999999999999,1117.6
598,1.0,6,457.2,279.4,330.2,482.59999999999997,228.6,304.79999999999995,508.0,304.79999999999995,304.79999999999995,584.1999999999999,1117.6
599,1.0,7,508.0,279.4,355.59999999999997,558.8,254.0,330.2,533.4,330.2,304.79999999999995,635.0,1117.6
600,1.0,5,482.59999999999997,254.0,254.0,533.4,508.0,228.6,330.2,330.2,279.4,533.4,990.5999999999999
601,1.0,7,533.4,355.59999999999997,304.79999999999995,558.8,584.1999999999999,330.2,457.2,406.4,381.0,609.5999999999999,1219.1999999999998
602,1.0,6,508.0,279.4,254.0,558.8,558.8,304.79999999999995,431.79999999999995,355.59999999999997,381.0,584.1999999999999,1092.2
603,2.0,6,482.59999999999997,254.0,279.4,533.4,279.4,254.0,381.0,279.4,381.0,533.4,1016.0
604,1.0,6,508.0,279.4,304.79999999999995,533.4,279.4,304.79999999999995,406.4,330.2,355.59999999999997,558.8,1092.2
605,2.0,8,508.0,330.2,279.4,584.1999999999999,330.2,330.2,431.79999999999995,381.0,381.0,584.1999999999999,1117.6
606,2.0,6,508.0,279.4,254.0,508.0,279.4,254.0,406.4,330.2,355.59999999999997,533.4,1041.3999999999999
607,2.0,6,533.4,279.4,254.0,558.8,304.79999999999995,279.4,406.4,355.59999999999997,381.0,609.5999999999999,1117.6
608,2.0,7,533.4,355.59999999999997,304.79999999999995,584.1999999999999,330.2,304.79999999999995,431.79999999999995,381.0,406.4,685.8,1219.1999999999998
609,2.0,6,508.0,330.2,304.79999999999995,533.4,330.2,304.79999999999995,431.79999999999995,355.59999999999997,330.2,533.4,1219.1999999999998
610,2.0,7,508.0,304.79999999999995,330.2,558.8,330.2,304.79999999999995,457.2,381.0,381.0,609.5999999999999,1219.1999999999998
611,2.0,6,508.0,279.4,304.79999999999995,508.0,279.4,279.4,381.0,304.79999999999995,381.0,533.4,1016.0
612,1.0,7,533.4,254.0,330.2,533.4,304.79999999999995,304.79999999999995,406.4,330.2,406.4,609.5999999999999,1143.0
613,2.0,6,533.4,279.4,279.4,482.59999999999997,304.79999999999995,279.4,330.2,330.2,304.79999999999995,508.0,965.1999999999999
614,2.0,7,508.0,279.4,304.79999999999995,584.1999999999999,330.2,330.2,406.4,355.59999999999997,355.59999999999997,558.8,1092.2
615,2.0,7,533.4,304.79999999999995,304.79999999999995,508.0,304.79999999999995,304.79999999999995,431.79999999999995,330.2,381.0,533.4,1143.0
616,1.0,7,508.0,254.0,330.2,584.1999999999999,304.79999999999995,330.2,431.79999999999995,330.2,406.4,584.1999999999999,1143.0
617,1.0,6,508.0,279.4,279.4,508.0,330.2,279.4,381.0,330.2,330.2,508.0,990.5999999999999
618,2.0,5,508.0,304.79999999999995,304.79999999999995,508.0,304.79999999999995,279.4,381.0,330.2,330.2,482.59999999999997,990.5999999999999
619,2.0,5,482.59999999999997,279.4,304.79999999999995,584.1999999999999,330.2,304.79999999999995,381.0,330.2,355.59999999999997,558.8,1016.0
620,1.0,5,508.0,254.0,279.4,533.4,279.4,279.4,381.0,304.79999999999995,304.79999999999995,508.0,990.5999999999999
621,1.0,6,533.4,304.79999999999995,279.4,508.0,304.79999999999995,279.4,381.0,304.79999999999995,355.59999999999997,558.8,1041.3999999999999
622,1.0,7,533.4,355.59999999999997,330.2,584.1999999999999,330.2,304.79999999999995,457.2,355.59999999999997,381.0,635.0,1193.8
623,1.0,11,508.0,279.4,304.79999999999995,584.1999999999999,330.2,304.79999999999995,482.59999999999997,431.79999999999995,431.79999999999995,660.4,1270.0
624,1.0,5,508.0,304.79999999999995,254.0,533.4,279.4,279.4,355.59999999999997,330.2,279.4,482.59999999999997,965.1999999999999
625,1.0,4,508.0,304.79999999999995,330.2,584.1999999999999,330.2,304.79999999999995,355.59999999999997,330.2,304.79999999999995,482.59999999999997,965.1999999999999
626,1.0,5,508.0,279.4,254.0,254.0,279.4,254.0,330.2,254.0,330.2,558.8,1041.3999999999999
627,2.0,6,508.0,279.4,279.4,508.0,279.4,279.4,355.59999999999997,355.59999999999997,330.2,584.1999999999999,1016.0
628,2.0,7,533.4,279.4,304.79999999999995,558.8,330.2,279.4,406.4,355.59999999999997,355.59999999999997,635.0,1117.6
629,2.0,8,584.1999999999999,330.2,254.0,584.1999999999999,279.4,330.2,431.79999999999995,355.59999999999997,406.4,685.8,1244.6
630,2.0,10,558.8,304.79999999999995,330.2,609.5999999999999,304.79999999999995,381.0,431.79999999999995,355.59999999999997,406.4,660.4,1295.3999999999999
631,2.0,10,558.8,279.4,304.79999999999995,558.8,279.4,355.59999999999997,406.4,381.0,355.59999999999997,584.1999999999999,1219.1999999999998
632,2.0,10,558.8,304.79999999999995,330.2,584.1999999999999,279.4,355.59999999999997,406.4,457.2,355.59999999999997,609.5999999999999,1193.8
633,2.0,11,558.8,355.59999999999997,330.2,609.5999999999999,304.79999999999995,355.59999999999997,482.59999999999997,457.2,355.59999999999997,635.0,1320.8
634,2.0,11,508.0,279.4,330.2,609.5999999999999,304.79999999999995,304.79999999999995,431.79999999999995,381.0,355.59999999999997,685.8,1244.6
635,2.0,13,558.8,304.79999999999995,304.79999999999995,609.5999999999999,304.79999999999995,355.59999999999997,482.59999999999997,381.0,406.4,762.0,1397.0
636,2.0,11,533.4,330.2,330.2,609.5999999999999,254.0,355.59999999999997,457.2,406.4,279.4,685.8,1320.8
637,2.0,12,558.8,330.2,355.59999999999997,660.4,304.79999999999995,431.79999999999995,508.0,457.2,355.59999999999997,736.5999999999999,1346.1999999999998
638,2.0,11,558.8,304.79999999999995,304.79999999999995,533.4,254.0,304.79999999999995,457.2,431.79999999999995,330.2,660.4,1244.6
639,1.0,13,508.0,381.0,330.2,584.1999999999999,330.2,406.4,431.79999999999995,406.4,355.59999999999997,711.1999999999999,1244.6
640,1.0,12,533.4,330.2,330.2,584.1999999999999,304.79999999999995,355.59999999999997,431.79999999999995,355.59999999999997,381.0,685.8,1320.8
641,1.0,10,533.4,355.59999999999997,304.79999999999995,584.1999999999999,304.79999999999995,304.79999999999995,457.2,381.0,381.0,635.0,1244.6
642,1.0,13,533.4,355.59999999999997,355.59999999999997,584.1999999999999,355.59999999999997,330.2,508.0,431.79999999999995,431.79999999999995,787.4,1371.6
643,1.0,12,533.4,381.0,304.79999999999995,584.1999999999999,304.79999999999995,330.2,508.0,482.59999999999997,355.59999999999997,762.0,1320.8
644,1.0,11,508.0,304.79999999999995,304.79999999999995,584.1999999999999,254.0,279.4,482.59999999999997,381.0,381.0,660.4,1219.1999999999998
645,1.0,9,558.8,355.59999999999997,304.79999999999995,609.5999999999999,330.2,304.79999999999995,457.2,381.0,406.4,685.8,1219.1999999999998
646,1.0,10,533.4,355.59999999999997,279.4,609.5999999999999,254.0,431.79999999999995,457.2,431.79999999999995,330.2,660.4,1371.6
647,1.0,7,508.0,254.0,228.6,558.8,228.6,330.2,330.2,304.79999999999995,330.2,584.1999999999999,1117.6
648,2.0,8,533.4,279.4,279.4,533.4,254.0,330.2,381.0,330.2,279.4,609.5999999999999,1143.0
649,2.0,10,533.4,254.0,330.2,609.5999999999999,254.0,431.79999999999995,457.2,279.4,355.59999999999997,736.5999999999999,1270.0
650,1.0,13,533.4,381.0,279.4,558.8,254.0,406.4,482.59999999999997,330.2,381.0,762.0,1397.0
651,1.0,12,533.4,330.2,304.79999999999995,609.5999999999999,279.4,381.0,431.79999999999995,355.59999999999997,381.0,762.0,1447.8
652,2.0,10,533.4,330.2,279.4,533.4,279.4,355.59999999999997,381.0,304.79999999999995,279.4,711.1999999999999,1320.8
653,2.0,7,533.4,279.4,228.6,508.0,228.6,254.0,330.2,254.0,228.6,609.5999999999999,1117.6
654,1.0,5,508.0,254.0,228.6,508.0,203.2,254.0,330.2,279.4,228.6,508.0,990.5999999999999
655,1.0,5,508.0,254.0,228.6,508.0,203.2,254.0,330.2,279.4,254.0,508.0,990.5999999999999
656,2.0,4,482.59999999999997,279.4,228.6,508.0,203.2,330.2,279.4,254.0,254.0,482.59999999999997,939.8
657,2.0,8,533.4,330.2,330.2,584.1999999999999,330.2,330.2,254.0,304.79999999999995,330.2,635.0,1143.0
658,2.0,8,508.0,355.59999999999997,304.79999999999995,558.8,279.4,254.0,254.0,304.79999999999995,355.59999999999997,584.1999999999999,1092.2
659,2.0,10,533.4,330.2,330.2,584.1999999999999,304.79999999999995,279.4,508.0,330.2,381.0,609.5999999999999,1117.6
660,2.0,8,508.0,304.79999999999995,279.4,558.8,279.4,254.0,457.2,304.79999999999995,355.59999999999997,584.1999999999999,1092.2
661,2.0,8,533.4,330.2,279.4,558.8,279.4,279.4,406.4,304.79999999999995,355.59999999999997,584.1999999999999,1092.2
662,2.0,7,508.0,279.4,279.4,508.0,254.0,254.0,355.59999999999997,254.0,279.4,533.4,1016.0
663,2.0,7,508.0,330.2,279.4,584.1999999999999,279.4,279.4,406.4,304.79999999999995,355.59999999999997,584.1999999999999,1143.0
664,2.0,9,508.0,355.59999999999997,330.2,609.5999999999999,304.79999999999995,304.79999999999995,431.79999999999995,355.59999999999997,330.2,584.1999999999999,1143.0
665,2.0,11,533.4,279.4,330.2,533.4,254.0,254.0,431.79999999999995,304.79999999999995,381.0,635.0,1244.6
666,2.0,10,508.0,330.2,304.79999999999995,533.4,304.79999999999995,304.79999999999995,406.4,330.2,330.2,609.5999999999999,1168.3999999999999
667,2.0,11,558.8,279.4,355.59999999999997,584.1999999999999,304.79999999999995,304.79999999999995,457.2,431.79999999999995,304.79999999999995,660.4,1244.6
668,2.0,13,533.4,304.79999999999995,330.2,609.5999999999999,304.79999999999995,279.4,457.2,406.4,406.4,685.8,1270.0
669,1.0,12,508.0,279.4,304.79999999999995,584.1999999999999,279.4,304.79999999999995,457.2,381.0,355.59999999999997,635.0,1270.0
670,1.0,12,482.59999999999997,330.2,304.79999999999995,584.1999999999999,304.79999999999995,304.79999999999995,457.2,381.0,406.4,660.4,1295.3999999999999
671,1.0,12,533.4,355.59999999999997,330.2,558.8,304.79999999999995,304.79999999999995,431.79999999999995,406.4,355.59999999999997,685.8,1270.0
672,1.0,12,482.59999999999997,254.0,355.59999999999997,584.1999999999999,304.79999999999995,304.79999999999995,457.2,431.79999999999995,330.2,635.0,1295.3999999999999
673,1.0,11,508.0,279.4,304.79999999999995,584.1999999999999,279.4,279.4,431.79999999999995,381.0,330.2,736.5999999999999,1193.8
674,1.0,14,508.0,279.4,330.2,609.5999999999999,254.0,279.4,457.2,406.4,304.79999999999995,508.0,1244.6
675,1.0,8,482.59999999999997,279.4,279.4,558.8,228.6,279.4,381.0,330.2,406.4,431.79999999999995,1117.6
676,1.0,5,508.0,254.0,279.4,558.8,203.2,203.2,330.2,457.2,330.2,482.59999999999997,914.4
677,2.0,7,533.4,254.0,203.2,508.0,279.4,254.0,355.59999999999997,254.0,254.0,584.1999999999999,1016.0
678,2.0,7,533.4,355.59999999999997,304.79999999999995,533.4,330.2,304.79999999999995,381.0,279.4,279.4,685.8,1092.2
679,2.0,7,533.4,355.59999999999997,304.79999999999995,584.1999999999999,330.2,304.79999999999995,431.79999999999995,381.0,355.59999999999997,660.4,1219.1999999999998
680,1.0,11,508.0,304.79999999999995,330.2,584.1999999999999,330.2,279.4,482.59999999999997,431.79999999999995,406.4,635.0,1270.0
681,1.0,7,533.4,279.4,304.79999999999995,584.1999999999999,279.4,304.79999999999995,457.2,355.59999999999997,431.79999999999995,533.4,1193.8
682,2.0,6,508.0,279.4,304.79999999999995,508.0,304.79999999999995,279.4,381.0,304.79999999999995,381.0,508.0,1016.0
683,1.0,7,482.59999999999997,254.0,330.2,533.4,304.79999999999995,304.79999999999995,406.4,330.2,355.59999999999997,635.0,965.1999999999999
684,1.0,8,558.8,254.0,279.4,508.0,508.0,304.79999999999995,431.79999999999995,355.59999999999997,304.79999999999995,533.4,1193.8
685,1.0,5,482.59999999999997,254.0,254.0,533.4,304.79999999999995,228.6,330.2,330.2,279.4,533.4,990.5999999999999
686,1.0,8,508.0,304.79999999999995,279.4,584.1999999999999,330.2,330.2,431.79999999999995,381.0,330.2,533.4,1041.3999999999999
687,2.0,6,508.0,330.2,279.4,533.4,558.8,609.5999999999999,381.0,355.59999999999997,304.79999999999995,609.5999999999999,1117.6
688,2.0,4,508.0,279.4,279.4,558.8,558.8,558.8,406.4,304.79999999999995,304.79999999999995,558.8,990.5999999999999
689,1.0,12,508.0,330.2,304.79999999999995,584.1999999999999,660.4,685.8,482.59999999999997,406.4,508.0,635.0,1244.6
690,1.0,15,508.0,431.79999999999995,381.0,584.1999999999999,431.79999999999995,609.5999999999999,609.5999999999999,508.0,482.59999999999997,584.1999999999999,1447.8
691,1.0,13,508.0,304.79999999999995,381.0,558.8,609.5999999999999,635.0,431.79999999999995,431.79999999999995,508.0,812.8,1270.0
692,1.0,12,533.4,355.59999999999997,304.79999999999995,660.4,279.4,355.59999999999997,508.0,431.79999999999995,355.59999999999997,736.5999999999999,1270.0
693,1.0,11,508.0,330.2,279.4,558.8,304.79999999999995,355.59999999999997,457.2,482.59999999999997,330.2,635.0,1244.6
694,1.0,13,482.59999999999997,406.4,355.59999999999997,558.8,330.2,711.1999999999999,457.2,533.4,304.79999999999995,863.5999999999999,1320.8
695,2.0,7,508.0,304.79999999999995,279.4,584.1999999999999,584.1999999999999,584.1999999999999,508.0,431.79999999999995,381.0,609.5999999999999,1092.2
696,2.0,5,508.0,279.4,254.0,533.4,533.4,584.1999999999999,482.59999999999997,330.2,330.2,533.4,990.5999999999999
697,2.0,7,508.0,279.4,228.6,482.59999999999997,533.4,533.4,482.59999999999997,330.2,330.2,533.4,990.5999999999999
698,1.0,5,533.4,304.79999999999995,228.6,254.0,533.4,533.4,482.59999999999997,330.2,330.2,584.1999999999999,1041.3999999999999
699,2.0,7,533.4,279.4,279.4,508.0,558.8,533.4,482.59999999999997,304.79999999999995,304.79999999999995,533.4,787.4
700,2.0,6,508.0,279.4,254.0,533.4,533.4,508.0,508.0,381.0,330.2,558.8,812.8
701,2.0,7,508.0,279.4,254.0,508.0,533.4,508.0,457.2,431.79999999999995,381.0,381.0,787.4
702,2.0,5,533.4,304.79999999999995,304.79999999999995,533.4,533.4,660.4,533.4,330.2,508.0,508.0,1016.0
703,2.0,5,508.0,279.4,279.4,533.4,533.4,584.1999999999999,508.0,304.79999999999995,508.0,533.4,863.5999999999999
704,2.0,6,533.4,330.2,279.4,508.0,558.8,609.5999999999999,431.79999999999995,304.79999999999995,533.4,558.8,990.5999999999999
705,1.0,17,533.4,279.4,355.59999999999997,660.4,635.0,457.2,533.4,482.59999999999997,482.59999999999997,863.5999999999999,1498.6
706,2.0,5,533.4,381.0,279.4,558.8,584.1999999999999,584.1999999999999,431.79999999999995,381.0,330.2,558.8,1092.2
707,1.0,13,533.4,203.2,304.79999999999995,558.8,355.59999999999997,736.5999999999999,685.8,558.8,406.4,635.0,584.1999999999999
708,2.0,2,457.2,381.0,203.2,508.0,482.59999999999997,508.0,355.59999999999997,330.2,279.4,457.2,812.8
709,1.0,10,508.0,304.79999999999995,304.79999999999995,558.8,355.59999999999997,736.5999999999999,685.8,558.8,406.4,635.0,584.1999999999999
710,2.0,10,533.4,304.79999999999995,304.79999999999995,558.8,609.5999999999999,660.4,533.4,381.0,355.59999999999997,635.0,1143.0
711,2.0,13,558.8,152.39999999999998,355.59999999999997,635.0,457.2,762.0,533.4,508.0,406.4,838.1999999999999,1498.6
712,1.0,10,533.4,279.4,304.79999999999995,558.8,50.8,660.4,533.4,381.0,355.59999999999997,635.0,1143.0
713,1.0,4,508.0,431.79999999999995,279.4,558.8,558.8,558.8,431.79999999999995,304.79999999999995,304.79999999999995,558.8,1016.0
714,1.0,13,508.0,381.0,355.59999999999997,635.0,457.2,762.0,533.4,508.0,406.4,838.1999999999999,1498.6
715,2.0,4,508.0,381.0,254.0,508.0,508.0,533.4,457.2,254.0,304.79999999999995,482.59999999999997,939.8
